id,name,rarity,PPR,drawId,displayItem,maxStack,equip,type,damage,meleeDamage,rangedDamage,magicDamage,critChance,critPower,manaCost,useTime,missChance,DPS,DPR,defense,hp,hpRegen,mana,manaRegen,movementSpeed,BPR,slots,axePower,pickaxePower,scythePower,shieldPower,luck,attacks,passives,buffs,effects,EPR,description,effectDescription
death,Death,6.0,148958482.14,1,true,1,hotbar,Weapon,1000,0,0,0,1000.00,1000.00,0,1,0.00,20020020000.00,148958482.14,0,0,0.00,0,0.00,0,0.00,0,0,0,0,0.00,0.00,death,none,none,none,0.00,How did you get this? sp made an oopsie.,Kills you.
shieldoflife,Shield of Life,5.5,1.00,13,false,1,shield,Shield,0,0,0,0,0.00,0.00,0,0,0.00,0.00,0.00,4,116,1.50,0,0.00,3,1.00,0,0,0,0,0.85,0.00,none,alienarrow,none,none,0.00,,
coppersword,Copper Sword,0.5,1.01,80,false,1,hotbar,Weapon,0,6,0,0,0.05,0.00,0,10,0.50,6.30,1.01,0,0,0.00,0,0.00,0,0.00,0,0,0,0,0.00,0.00,coppersword,none,none,none,0.00,,
ironsword,Iron Sword,1.0,1.06,81,false,1,hotbar,Weapon,0,11,0,0,0.05,0.00,0,10,0.50,11.55,1.06,0,0,0.00,0,0.00,0,0.00,0,0,0,0,0.00,0.00,ironsword,none,none,none,0.00,,
goldsword,Gold Sword,2.0,1.03,82,false,1,hotbar,Weapon,0,24,0,0,0.05,0.00,0,10,0.50,25.20,1.03,0,0,0.00,0,0.00,0,0.00,0,0,0,0,0.00,0.00,goldsword,none,none,none,0.00,,
amethystsword,Amethyst Sword,2.5,1.01,83,false,1,hotbar,Weapon,0,32,0,0,0.05,0.00,0,10,0.50,33.60,1.01,0,0,0.00,0,0.00,0,0.00,0,0,0,0,0.00,0.00,amethystsword,none,none,none,0.00,,
azuritesword,Azurite Sword,3.0,1.01,84,false,1,hotbar,Weapon,0,42,0,0,0.05,0.00,0,10,0.50,44.10,1.01,0,0,0.00,0,0.00,0,0.00,0,0,0,0,0.00,0.00,azuritesword,none,none,none,0.00,,
emeralditesword,Emeraldite Sword,3.5,1.01,85,false,1,hotbar,Weapon,0,53,0,0,0.05,0.00,0,10,0.50,55.65,1.01,0,0,0.00,0,0.00,0,0.00,0,0,0,0,0.00,0.00,emeralditesword,none,none,none,0.00,,
rubysword,Ruby Sword,4.0,1.02,86,false,1,hotbar,Weapon,0,66,0,0,0.05,0.00,0,10,0.50,69.30,1.02,0,0,0.00,0,0.00,0,0.00,0,0,0,0,0.00,0.00,rubysword,none,none,none,0.00,,
diamondsword,Diamond Sword,5.0,1.01,87,false,1,hotbar,Weapon,0,95,0,0,0.05,0.00,0,10,0.50,99.75,1.01,0,0,0.00,0,0.00,0,0.00,0,0,0,0,0.00,0.00,diamondsword,none,none,none,0.00,,
copperstaff,Copper Staff,0.5,1.03,88,true,1,hotbar,Weapon,0,0,0,13,0.05,0.00,3,10,0.50,13.65,1.03,0,0,0.00,0,0.00,0,0.00,0,0,0,0,0.00,0.00,copperstaff,none,none,none,0.00,,
ironstaff,Iron Staff,1.0,1.03,89,true,1,hotbar,Weapon,0,0,0,24,0.05,0.00,5,10,0.50,25.20,1.03,0,0,0.00,0,0.00,0,0.00,0,0,0,0,0.00,0.00,ironstaff,none,none,none,0.00,,
goldstaff,Gold Staff,2.0,1.02,90,true,1,hotbar,Weapon,0,0,0,50,0.05,0.00,8,10,0.50,52.50,1.02,0,0,0.00,0,0.00,0,0.00,0,0,0,0,0.00,0.00,goldstaff,none,none,none,0.00,,
amethyststaff,Amethyst Staff,2.5,0.99,91,true,1,hotbar,Weapon,0,0,0,70,0.05,0.00,11,10,0.50,73.50,0.99,0,0,0.00,0,0.00,0,0.00,0,0,0,0,0.00,0.00,amethyststaff,none,none,none,0.00,,
azuritestaff,Azurite Staff,3.0,1.00,92,true,1,hotbar,Weapon,0,0,0,90,0.05,0.00,13,10,0.50,94.50,1.00,0,0,0.00,0,0.00,0,0.00,0,0,0,0,0.00,0.00,azuritestaff,none,none,none,0.00,,
emeralditestaff,Emeraldite Staff,3.5,1.00,93,true,1,hotbar,Weapon,0,0,0,115,0.05,0.00,16,10,0.50,120.75,1.00,0,0,0.00,0,0.00,0,0.00,0,0,0,0,0.00,0.00,emeralditestaff,none,none,none,0.00,,
rubystaff,Ruby Staff,4.0,1.01,94,true,1,hotbar,Weapon,0,0,0,143,0.05,0.00,19,10,0.50,150.15,1.01,0,0,0.00,0,0.00,0,0.00,0,0,0,0,0.00,0.00,rubystaff,none,none,none,0.00,,
diamondstaff,Diamond Staff,5.0,1.00,95,true,1,hotbar,Weapon,0,0,0,207,0.05,0.00,26,10,0.50,217.35,1.00,0,0,0.00,0,0.00,0,0.00,0,0,0,0,0.00,0.00,diamondstaff,none,none,none,0.00,,
copperwaraxe,Copper Waraxe,0.5,1.01,96,true,1,hotbar,Weapon,0,0,5,0,0.05,0.00,0,15,0.10,6.30,1.01,0,0,0.00,0,0.00,0,0.00,0,0,0,0,0.00,0.00,copperwaraxe,none,none,none,0.00,,
ironwaraxe,Iron Waraxe,1.0,1.04,97,true,1,hotbar,Weapon,0,0,9,0,0.05,0.00,0,15,0.10,11.34,1.04,0,0,0.00,0,0.00,0,0.00,0,0,0,0,0.00,0.00,ironwaraxe,none,none,none,0.00,,
goldwaraxe,Gold Waraxe,2.0,1.03,98,true,1,hotbar,Weapon,0,0,20,0,0.05,0.00,0,15,0.10,25.20,1.03,0,0,0.00,0,0.00,0,0.00,0,0,0,0,0.00,0.00,goldwaraxe,none,none,none,0.00,,
amethystwaraxe,Amethyst Waraxe,2.5,1.02,99,true,1,hotbar,Weapon,0,0,27,0,0.05,0.00,0,15,0.10,34.02,1.02,0,0,0.00,0,0.00,0,0.00,0,0,0,0,0.00,0.00,amethystwaraxe,none,none,none,0.00,,
azuritewaraxe,Azuite Waraxe,3.0,1.01,100,true,1,hotbar,Weapon,0,0,35,0,0.05,0.00,0,15,0.10,44.10,1.01,0,0,0.00,0,0.00,0,0.00,0,0,0,0,0.00,0.00,azuritewaraxe,none,none,none,0.00,,
emeralditewaraxe,Emeraldite Waraxe,3.5,1.01,101,true,1,hotbar,Weapon,0,0,44,0,0.05,0.00,0,15,0.10,55.44,1.01,0,0,0.00,0,0.00,0,0.00,0,0,0,0,0.00,0.00,emeralditewaraxe,none,none,none,0.00,,
rubywaraxe,Ruby Waraxe,4.0,1.02,102,true,1,hotbar,Weapon,0,0,55,0,0.05,0.00,0,15,0.10,69.30,1.02,0,0,0.00,0,0.00,0,0.00,0,0,0,0,0.00,0.00,rubywaraxe,none,none,none,0.00,,
diamondwaraxe,Diamond Waraxe,5.0,1.01,103,true,1,hotbar,Weapon,0,0,79,0,0.05,0.00,0,15,0.10,99.54,1.01,0,0,0.00,0,0.00,0,0.00,0,0,0,0,0.00,0.00,diamondwaraxe,none,none,none,0.00,,
copperclaw,Copper Claw,0.5,1.01,104,false,1,hotbar,Weapon,0,6,0,0,0.05,0.00,0,3,0.85,6.30,1.01,0,0,0.00,0,0.00,0,0.00,0,0,0,0,0.00,0.00,copperclaw,none,none,none,0.00,,
ironclaw,Iron Claw,1.0,0.96,105,false,1,hotbar,Weapon,0,10,0,0,0.05,0.00,0,3,0.85,10.50,0.96,0,0,0.00,0,0.00,0,0.00,0,0,0,0,0.00,0.00,ironclaw,none,none,none,0.00,,
goldclaw,Gold Claw,2.0,0.99,106,false,1,hotbar,Weapon,0,23,0,0,0.05,0.00,0,3,0.85,24.15,0.99,0,0,0.00,0,0.00,0,0.00,0,0,0,0,0.00,0.00,goldclaw,none,none,none,0.00,,
amethystclaw,Amethsyt Claw,2.5,1.01,107,false,1,hotbar,Weapon,0,32,0,0,0.05,0.00,0,3,0.85,33.60,1.01,0,0,0.00,0,0.00,0,0.00,0,0,0,0,0.00,0.00,amethystclaw,none,none,none,0.00,,
azuriteclaw,Azurite Claw,3.0,1.01,108,false,1,hotbar,Weapon,0,42,0,0,0.05,0.00,0,3,0.85,44.10,1.01,0,0,0.00,0,0.00,0,0.00,0,0,0,0,0.00,0.00,azuriteclaw,none,none,none,0.00,,
emeralditeclaw,Emeraldite Claw,3.5,1.01,109,false,1,hotbar,Weapon,0,53,0,0,0.05,0.00,0,3,0.85,55.65,1.01,0,0,0.00,0,0.00,0,0.00,0,0,0,0,0.00,0.00,emeralditeclaw,none,none,none,0.00,,
rubyclaw,Ruby Claw,4.0,1.00,110,false,1,hotbar,Weapon,0,65,0,0,0.05,0.00,0,3,0.85,68.25,1.00,0,0,0.00,0,0.00,0,0.00,0,0,0,0,0.00,0.00,rubyclaw,none,none,none,0.00,,
diamondclaw,Diamond Claw,5.0,1.00,111,false,1,hotbar,Weapon,0,94,0,0,0.05,0.00,0,3,0.85,98.70,1.00,0,0,0.00,0,0.00,0,0.00,0,0,0,0,0.00,0.00,diamondclaw,none,none,none,0.00,,
copperbow,Copper Bow,0.5,1.08,112,true,1,hotbar,Weapon,0,0,8,0,0.05,0.00,0,20,0.20,6.72,1.08,0,0,0.00,0,0.00,0,0.00,0,0,0,0,0.00,0.00,copperbow,none,none,none,0.00,,
ironbow,Iron Bow,1.0,1.00,113,true,1,hotbar,Weapon,0,0,13,0,0.05,0.00,0,20,0.20,10.92,1.00,0,0,0.00,0,0.00,0,0.00,0,0,0,0,0.00,0.00,ironbow,none,none,none,0.00,,
goldbow,Gold Bow,2.0,1.00,114,true,1,hotbar,Weapon,0,0,29,0,0.05,0.00,0,20,0.20,24.36,1.00,0,0,0.00,0,0.00,0,0.00,0,0,0,0,0.00,0.00,goldbow,none,none,none,0.00,,
amethystbow,Amethyst Bow,2.5,1.01,115,true,1,hotbar,Weapon,0,0,40,0,0.05,0.00,0,20,0.20,33.60,1.01,0,0,0.00,0,0.00,0,0.00,0,0,0,0,0.00,0.00,amethystbow,none,none,none,0.00,,
azuritebow,Azurite Bow,3.0,1.02,116,true,1,hotbar,Weapon,0,0,53,0,0.05,0.00,0,20,0.20,44.52,1.02,0,0,0.00,0,0.00,0,0.00,0,0,0,0,0.00,0.00,azuritebow,none,none,none,0.00,,
emeralditebow,Emeraldite Bow,3.5,1.01,117,true,1,hotbar,Weapon,0,0,66,0,0.05,0.00,0,20,0.20,55.44,1.01,0,0,0.00,0,0.00,0,0.00,0,0,0,0,0.00,0.00,emeralditebow,none,none,none,0.00,,
rubybow,Ruby Bow,4.0,1.01,118,true,1,hotbar,Weapon,0,0,82,0,0.05,0.00,0,20,0.20,68.88,1.01,0,0,0.00,0,0.00,0,0.00,0,0,0,0,0.00,0.00,rubybow,none,none,none,0.00,,
diamondbow,Diamond Bow,5.0,1.01,119,true,1,hotbar,Weapon,0,0,118,0,0.05,0.00,0,20,0.20,99.12,1.01,0,0,0.00,0,0.00,0,0.00,0,0,0,0,0.00,0.00,diamondbow,none,none,none,0.00,,
azuritegun,Azurite Gun,3.0,1.03,124,true,1,hotbar,Weapon,0,0,17,0,0.05,0.00,0,2,0.75,44.63,1.03,0,0,0.00,0,0.00,0,0.00,0,0,0,0,0.00,0.00,azuritegun,none,none,none,0.00,,
emeralditegun,Emeraldite Gun,3.5,1.00,125,true,1,hotbar,Weapon,0,0,21,0,0.05,0.00,0,2,0.75,55.13,1.00,0,0,0.00,0,0.00,0,0.00,0,0,0,0,0.00,0.00,emeralditegun,none,none,none,0.00,,
rubygun,Ruby Gun,4.0,1.00,126,true,1,hotbar,Weapon,0,0,26,0,0.05,0.00,0,2,0.75,68.25,1.00,0,0,0.00,0,0.00,0,0.00,0,0,0,0,0.00,0.00,rubygun,none,none,none,0.00,,
diamondgun,Diamond Gun,5.0,1.01,127,true,1,hotbar,Weapon,0,0,38,0,0.05,0.00,0,2,0.75,99.75,1.01,0,0,0.00,0,0.00,0,0.00,0,0,0,0,0.00,0.00,diamondgun,none,none,none,0.00,,
rustysword,Rusty Sword,0.5,1.01,128,false,1,hotbar,Weapon,0,9,0,0,0.05,0.00,0,15,0.50,6.30,1.01,0,0,0.00,0,0.00,0,0.00,0,0,0,0,0.00,0.00,rustysword,none,none,none,0.00,,
knightlysword,Knightly Sword,1.5,1.01,129,false,1,hotbar,Weapon,0,35,0,0,0.15,0.50,0,25,0.50,17.15,1.01,0,0,0.00,0,0.00,0,0.00,0,0,0,0,0.00,0.00,knightlysword,none,none,none,0.00,,
spikedsword,Spiked Sword,3.5,1.00,130,false,1,hotbar,Weapon,0,41,0,0,0.35,0.00,0,10,0.50,55.35,1.00,0,0,0.00,0,0.00,0,0.00,0,0,0,0,0.00,0.00,spikedsword,none,none,none,0.00,,
bladeofdeath,Blade of Death,5.5,1.00,131,false,1,hotbar,Weapon,0,108,0,0,0.35,0.75,0,15,0.50,116.10,1.00,0,0,0.00,0,0.00,0,0.00,0,0,0,0,0.00,0.00,bladeofdeath,none,none,none,0.00,The legend's sword.,
icystinger,Icy Stinger,2.5,1.01,132,false,1,hotbar,Weapon,0,32,0,0,0.05,0.00,0,10,0.50,33.60,1.01,0,0,0.00,0,0.00,0,0.00,0,0,0,0,0.00,0.00,icystinger,none,none,none,0.00,,
coldhearticicle,Coldheart Icicle,2.0,1.00,133,false,1,hotbar,Weapon,0,1,0,0,0.01,3550.00,0,15,0.50,24.34,1.00,0,0,-40.00,0,0.00,0,-20.00,0,0,0,0,0.00,0.00,coldhearticicle,none,none,none,20.00,AAAAAAA!!! CALAMITY!!!,
heavywhammo,Heavy Whammo,4.5,1.00,134,false,1,hotbar,Weapon,0,252,0,0,0.05,0.00,0,20,0.50,132.30,1.60,0,0,0.00,0,0.00,-8,-0.60,0,0,0,0,0.00,0.00,heavywhammo,none,none,none,0.00,,
staffoflife,Staff of Life,5.5,1.01,135,true,1,hotbar,Weapon,0,0,0,123,0.05,0.00,15,5,0.50,258.30,1.01,0,0,0.00,0,0.00,0,0.00,0,0,0,0,0.00,0.00,staffoflife,none,none,none,0.00,,
staffoflove,Staff of Love,4.5,1.00,136,true,1,hotbar,Weapon,0,0,0,258,0.05,0.00,33,15,0.50,180.60,1.00,0,0,0.00,0,0.00,0,0.00,0,0,0,0,0.00,0.00,staffoflove,none,none,none,0.00,,
valerianwand,Valerian Wand,5.5,1.00,142,true,1,hotbar,Weapon,0,0,0,705,0.05,0.00,45,20,0.70,222.08,1.00,0,0,0.00,0,0.00,0,0.00,0,0,0,0,0.00,0.00,valerianwand,none,none,none,0.00,"Harnessing the power of gold, this wand summons a golden laser.",
thornedbow,Thorned Bow,4.5,1.00,147,true,1,hotbar,Weapon,0,0,276,0,0.05,0.00,0,35,0.50,82.80,1.00,0,0,0.00,0,0.00,0,0.00,0,0,0,0,0.00,0.00,thornedbow,none,none,none,0.00,,
frozenbreath,Frozen Breath,5.5,1.00,148,true,1,hotbar,Weapon,0,0,553,0,0.05,0.00,0,50,0.50,116.13,1.00,0,0,0.00,0,0.00,0,0.00,0,0,0,0,0.00,0.00,frozenbreath,none,none,none,0.00,,
coppershiv,Copper Shiv,0.0,1.11,155,false,1,hotbar,Weapon,0,5,0,0,0.00,0.00,0,15,0.50,3.33,1.11,0,0,0.00,0,0.00,0,0.00,0,0,0,0,0.00,0.00,coppershiv,none,none,none,0.00,,
flowerhat,Flower Hat,2.0,1.00,174,false,1,helmet,Helmet,0,0,0,0,0.00,0.00,0,0,0.00,0.00,0.00,5,0,0.00,10,0.00,0,0.85,0,0,0,0,0.00,0.20,none,none,none,none,0.15,A luck charm.,
foresthat,Forest Hat,2.0,1.02,175,false,1,helmet,Helmet,0,0,3,0,0.15,0.20,0,0,0.00,4.83,0.20,3,18,0.30,0,0.00,0,0.82,0,0,0,0,0.00,0.00,none,none,none,none,0.00,Nature is on your side.,
darkhat,Dark Hat,3.0,1.02,176,false,1,helmet,Helmet,0,0,0,5,0.00,0.25,0,0,0.00,6.63,0.15,4,21,0.00,28,0.20,0,0.87,0,0,0,0,0.00,0.00,none,none,none,none,0.00,Dark energy is flowing out of this hat.,
oldhat,Old Hat,0.0,1.00,177,false,1,helmet,Helmet,0,0,0,0,0.00,0.00,0,0,0.00,0.00,0.00,1,5,0.20,0,0.00,0,1.00,0,0,0,0,0.00,0.00,none,none,none,none,0.00,A worn down old hat.,
redfedora,Red Fedora,4.0,1.01,178,false,1,helmet,Helmet,4,0,0,0,0.00,0.00,0,0,0.00,4.00,0.06,5,0,0.00,0,0.00,7,0.95,0,0,0,0,0.00,0.00,none,none,none,none,0.00,Fiery red from the depths of hell.,
yellowfedora,Yellow Fedora,3.0,1.00,179,false,1,helmet,Helmet,3,0,0,0,0.00,0.00,0,0,0.00,3.00,0.07,4,0,0.00,0,0.00,4,0.94,0,0,0,0,0.00,0.00,none,none,none,none,0.00,Is this made from Straw?,
greenfedora,Green Fedora,2.0,1.01,180,false,1,helmet,Helmet,2,0,0,0,0.00,0.00,0,0,0.00,2.00,0.08,3,0,0.00,0,0.00,2,0.93,0,0,0,0,0.00,0.00,none,none,none,none,0.00,The bright green reminds you of Emeraldite.,
bluefedora,Blue Fedora,1.0,1.09,181,false,1,helmet,Helmet,1,0,0,0,0.00,0.00,0,0,0.00,1.00,0.09,2,0,0.00,0,0.00,1,1.00,0,0,0,0,0.00,0.00,none,none,none,none,0.00,SPEED!,
redarchercap,Red Archer Cap,4.0,1.00,182,false,1,helmet,Helmet,0,0,13,0,0.25,0.55,0,0,0.00,29.71,0.44,7,0,0.60,0,0.00,0,0.56,0,0,0,0,0.00,0.00,none,firearrow,none,none,0.00,Clearly made for the best rangers.,Allows you to shoot a fiery arrow.
yellowarchercap,Yellow Archer Cap,3.0,1.00,183,false,1,helmet,Helmet,0,0,9,0,0.20,0.45,0,0,0.00,16.72,0.38,5,0,0.50,0,0.00,0,0.61,0,0,0,0,0.00,0.00,none,none,none,none,0.00,Can I have a sniper scope on this?,
greenarchercap,Green Archer Cap,2.0,1.01,184,false,1,helmet,Helmet,0,0,6,0,0.15,0.40,0,0,0.00,9.29,0.38,3,0,0.40,0,0.00,0,0.63,0,0,0,0,0.00,0.00,none,alienarrow,none,none,0.00,,Allows you to shoot a poison arrow.
bluearchercap,Blue Archer Cap,1.0,1.01,185,false,1,helmet,Helmet,0,0,2,0,0.10,0.25,0,0,0.00,2.79,0.26,2,0,0.30,0,0.00,0,0.75,0,0,0,0,0.00,0.00,none,frozenarrow,none,none,0.00,,Allows you to shoot a frozen arrow.
redbowtie,Red Bow Tie,4.0,0.99,186,false,1,helmet,Helmet,8,0,0,0,0.00,0.00,0,0,0.00,8.00,0.12,8,0,1.80,0,0.00,0,0.88,0,0,0,0,0.00,0.00,none,none,none,none,0.00,The bright red makes it really pretty.,
orangebowtie,Orange Bow Tie,3.0,1.01,187,false,1,helmet,Helmet,5,0,0,0,0.00,0.00,0,0,0.00,5.00,0.11,5,0,1.40,0,0.00,0,0.89,0,0,0,0,0.00,0.00,none,none,none,none,0.00,Is it orange? Is it yellow? Or is it blue?,
greenbowtie,Green Bow Tie,2.0,1.00,188,false,1,helmet,Helmet,3,0,0,0,0.00,0.00,0,0,0.00,3.00,0.12,3,0,0.90,0,0.00,0,0.88,0,0,0,0,0.00,0.00,none,none,none,none,0.00,Made in China.,
bluebowtie,Blue Bow Tie,1.0,1.02,189,false,1,helmet,Helmet,2,0,0,0,0.00,0.00,0,0,0.00,2.00,0.18,2,0,0.40,0,0.00,0,0.83,0,0,0,0,0.00,0.00,none,none,none,none,0.00,Beautiful.,
mysticwizardhat,Mystic Wizard Hat,5.0,1.00,190,false,1,helmet,Helmet,0,0,0,25,0.00,0.00,0,0,0.00,25.00,0.25,6,25,0.00,47,0.80,0,0.74,0,0,0,0,0.00,0.00,none,mysticflames,none,none,0.00,You feel a magical force in this hat.,Allows you to shoot mystic flames.
darksteelwizardhat,Dark Steel Wizard Hat,3.0,1.02,191,false,1,helmet,Helmet,0,0,0,11,0.00,0.00,0,0,0.00,11.00,0.25,3,11,0.00,33,0.30,0,0.76,0,0,0,0,0.00,0.00,none,none,none,none,0.00,Dark energy is flowing out of this hat.,
steelwizardhat,Steel Wizard Hat,2.0,1.00,192,false,1,helmet,Helmet,0,0,0,6,0.00,0.00,0,0,0.00,6.00,0.25,2,8,0.00,21,0.15,0,0.75,0,0,0,0,0.00,0.00,none,none,none,none,0.00,Feels kinda rough.,
beginnerwizardhat,Beginner Wizard Hat,1.0,1.00,193,false,1,helmet,Helmet,0,0,0,3,0.00,0.00,0,0,0.00,3.00,0.28,1,4,0.00,13,0.10,0,0.73,0,0,0,0,0.00,0.00,none,none,none,none,0.00,A basic hat for beginner Wizards.,
firesteelhelmet,Fire Steel Helmet,4.0,1.00,194,false,1,helmet,Helmet,0,17,0,0,0.00,0.00,0,0,0.00,17.00,0.25,9,0,0.90,0,0.00,0,0.75,0,0,0,0,0.00,0.00,none,none,none,none,0.00,I think the steel is beginning to melt.,
darksteelhelmet,Dark Steel Helmet,3.0,0.99,195,false,1,helmet,Helmet,0,11,0,0,0.00,0.00,0,0,0.00,11.00,0.25,6,0,0.60,0,0.00,0,0.73,0,0,0,0,0.00,0.00,none,none,none,none,0.00,Black as the night sky.,
icyhelmet,Icy Helmet,2.0,1.01,196,false,1,helmet,Helmet,0,4,0,0,0.00,0.00,0,0,0.00,4.00,0.16,4,0,0.55,0,0.00,0,0.85,0,0,0,0,0.00,0.00,none,frozenflames,none,none,0.00,Hope you don't get frostbite.,Allows you to shoot frozen flames.
steelhelmet,Steel Helmet,1.0,1.02,197,false,1,helmet,Helmet,0,2,0,0,0.00,0.00,0,0,0.00,2.00,0.18,2,0,0.40,0,0.00,0,0.83,0,0,0,0,0.00,0.00,none,none,none,none,0.00,A sturdy basic helmet.,
firevikinghelmet,Fire Viking Helmet,4.0,1.00,198,false,1,helmet,Helmet,21,0,0,0,0.00,0.00,0,0,0.00,21.00,0.31,11,0,0.00,0,0.00,0,0.69,0,0,0,0,0.00,0.00,none,none,none,none,0.00,It's really hot.,
darkvikinghelmet,Dark Viking Helmet,3.0,1.03,199,false,1,helmet,Helmet,13,0,0,0,0.00,0.00,0,0,0.00,13.00,0.30,8,0,0.00,0,0.00,0,0.73,0,0,0,0,0.00,0.00,none,none,none,none,0.00,,
bronzevikinghelmet,Bronze Viking Helmet,2.0,1.00,200,false,1,helmet,Helmet,7,0,0,0,0.00,0.00,0,0,0.00,7.00,0.29,5,0,0.00,0,0.00,0,0.71,0,0,0,0,0.00,0.00,none,none,none,none,0.00,,
steelvikinghelmet,Steel Viking Helmet,1.0,1.03,201,false,1,helmet,Helmet,3,0,0,0,0.00,0.00,0,0,0.00,3.00,0.28,3,0,0.00,0,0.00,0,0.75,0,0,0,0,0.00,0.00,none,none,none,none,0.00,The weakest viking helmet.,
mysticknighthelmet,Mystic Knight Helmet,5.0,1.01,202,false,1,helmet,Helmet,7,0,0,0,0.35,0.35,0,0,0.00,27.69,0.28,7,29,0.45,29,0.45,0,0.73,0,0,0,0,0.00,0.00,none,bluefrozenarrow,none,none,0.00,The helmet of a knight-mage.,Allows you to shoot a powerful frozen arrow.
fieryknighthelmet,Fiery Knight Helmet,4.0,1.01,203,false,1,helmet,Helmet,5,0,0,0,0.30,0.30,0,0,0.00,16.25,0.24,5,24,0.35,24,0.35,0,0.77,0,0,0,0,0.00,0.00,none,firearrow,none,none,0.00,YOUR BRAIN IS MELTING!!!,Allows you to shoot a fiery arrow.
greenknighthelmet,Green Knight Helmet,2.0,1.00,204,false,1,helmet,Helmet,3,0,0,0,0.20,0.20,0,0,0.00,5.20,0.21,2,11,0.20,11,0.20,0,0.78,0,0,0,0,0.00,0.00,none,alienarrow,none,none,0.00,,Allows you to shoot a poison arrow.
blueknighthelmet,Blue Knight Helmet,1.0,1.00,205,false,1,helmet,Helmet,2,0,0,0,0.10,0.10,0,0,0.00,2.38,0.22,1,8,0.10,8,0.10,0,0.79,0,0,0,0,0.00,0.00,none,frozenarrow,none,none,0.00,,Allows you to shoot a frozen arrow.
firebandedrobe,Fire Banded Robe,4.0,1.01,206,false,1,chestplate,Chestplate,0,0,0,12,0.00,0.00,0,0,0.00,12.00,0.18,4,34,0.20,34,0.50,0,0.84,0,0,0,0,0.00,0.00,none,none,none,none,0.00,Is this safe to wear?,
foresttravelerrobe,Forest Traveler Robe,2.0,1.00,207,false,1,chestplate,Chestplate,0,0,0,3,0.10,0.00,0,0,0.00,3.24,0.13,2,15,0.00,15,0.35,0,0.87,0,0,0,0,0.00,0.00,none,none,none,none,0.00,It seems to be made from twigs.,
leafrobe,Leaf Robe,2.0,1.00,208,false,1,chestplate,Chestplate,0,0,0,0,0.00,0.00,0,0,0.00,0.00,0.00,3,0,0.00,0,0.25,1,0.80,0,0,0,0,0.00,0.00,leaves,none,none,none,0.20,Woven with leaves.,
woodenrobe,Wooden Robe,1.0,1.00,209,false,1,chestplate,Chestplate,0,0,0,0,0.00,0.00,0,0,0.00,0.00,0.00,1,0,0.15,11,0.20,0,0.80,0,0,0,0,0.00,0.00,none,none,none,none,0.20,Hard and extremely uncomfortable.,
robeoffortunes,Robe of Fortunes,4.0,1.00,210,false,1,chestplate,Chestplate,0,0,0,0,0.00,0.00,0,0,0.00,0.00,0.00,2,0,0.00,0,1.30,0,0.40,0,0,0,0,0.00,0.60,none,none,none,none,0.60,Expensive. Don't break it.,
robeofwisdom,Robe of Wisdom,5.0,0.99,211,false,1,chestplate,Chestplate,0,0,0,0,0.40,1.05,0,0,0.00,60.82,0.62,3,0,0.00,28,0.70,0,0.38,0,0,0,0,0.00,0.00,none,none,none,none,0.00,,
brownrobe,Brown Robe,1.0,1.01,212,false,1,chestplate,Chestplate,0,0,0,2,0.10,0.00,0,0,0.00,2.11,0.19,2,3,0.00,7,0.10,0,0.81,0,0,0,0,0.00,0.00,none,none,none,none,0.00,A plain brown robe.,
greenrobe,Green Robe,2.0,1.03,213,false,1,chestplate,Chestplate,0,0,0,3,0.00,0.20,0,0,0.00,3.73,0.15,3,0,0.00,18,0.40,0,0.87,0,0,0,0,0.00,0.00,none,none,none,none,0.00,A nice shiny green robe.,
skyrobe,Sky Robe,4.0,1.00,214,false,1,chestplate,Chestplate,0,0,0,0,0.00,0.00,0,0,0.00,0.00,0.00,5,0,0.00,20,0.50,5,1.00,0,0,0,0,0.00,0.00,none,none,none,none,0.00,Lighter than feathers.,
angelrobe,Angel Robe,3.0,1.00,215,false,1,chestplate,Chestplate,0,0,0,0,0.00,0.00,0,0,0.00,0.00,0.00,4,0,0.00,30,0.20,0,0.70,0,0,0,0,0.00,0.00,none,none,none,Rebirth.,0.30,Made with wings from an angel.,
mysticrobe,Mystic Robe,5.0,1.01,216,false,1,chestplate,Chestplate,0,0,0,13,0.25,0.25,0,0,0.00,25.31,0.26,7,16,0.00,56,0.60,0,0.76,0,0,0,0,0.00,0.00,none,mysticflames,none,none,0.00,A robe for the best of mages.,Allows you to shoot mystic flames.
crimsonrobe,Crimson Robe,3.0,1.00,217,false,1,chestplate,Chestplate,0,0,0,0,0.00,0.24,0,0,0.00,1.57,0.04,5,16,0.20,0,0.00,0,0.66,0,0,0,0,0.00,0.00,none,none,none,Lifesteal.,0.30,Bloodshed.,
magentarobe,Magenta Robe,3.0,1.00,218,false,1,chestplate,Chestplate,0,0,0,5,0.10,0.00,0,0,0.00,5.44,0.12,5,14,0.00,26,0.20,0,0.88,0,0,0,0,0.00,0.00,none,none,none,none,0.00,,
azurerobe,Azure Robe,2.0,1.00,219,false,1,chestplate,Chestplate,0,0,0,2,0.00,0.10,0,0,0.00,2.37,0.10,4,0,0.10,21,0.00,0,0.91,0,0,0,0,0.00,0.00,none,none,none,none,0.00,,
thornrobe,Thorn Robe,4.0,1.00,220,false,1,chestplate,Chestplate,0,0,0,9,0.00,1.60,0,0,0.00,25.37,0.37,9,0,0.30,0,0.00,0,0.63,0,0,0,0,0.00,0.00,thorn,none,none,none,0.00,Prickly.,
dustycoalrobe,Dusty Coal Robe,0.0,1.00,221,false,1,chestplate,Chestplate,0,0,0,0,0.00,0.00,0,0,0.00,0.00,0.00,1,0,0.00,5,0.20,0,1.00,0,0,0,0,0.00,0.00,none,none,none,none,0.00,It's definitely not clean.,
redwintercoat,Red Winter Coat,4.0,1.00,222,false,1,chestplate,Chestplate,0,0,0,0,0.00,0.00,0,0,0.00,0.00,0.00,12,0,0.00,0,0.00,0,0.75,0,0,0,0,0.00,0.00,none,none,coldProtection,none,0.25,Protects you from the cold.,
orangewintercoat,Orange Winter Coat,3.0,0.98,223,false,1,chestplate,Chestplate,0,0,0,0,0.00,0.00,0,0,0.00,0.00,0.00,8,0,0.00,0,0.00,0,0.73,0,0,0,0,0.00,0.00,none,none,coldProtection,none,0.25,Protects you from the cold.,
greenwintercoat,Green Winter Coat,2.0,0.96,224,false,1,chestplate,Chestplate,0,0,0,0,0.00,0.00,0,0,0.00,0.00,0.00,5,0,0.00,0,0.00,0,0.71,0,0,0,0,0.00,0.00,none,none,coldProtection,none,0.25,Protects you from the cold.,
bluewintercoat,Blue Winter Coat,1.0,1.00,225,false,1,chestplate,Chestplate,0,0,0,0,0.00,0.00,0,0,0.00,0.00,0.00,3,0,0.00,0,0.00,0,0.75,0,0,0,0,0.00,0.00,none,none,coldProtection,none,0.25,Protects you from the cold.,
redfurcoat,Red Fur Coat,4.0,1.00,226,false,1,chestplate,Chestplate,17,0,0,0,0.00,0.00,0,0,0.00,17.00,0.25,8,0,0.00,0,0.00,0,0.50,0,0,0,0,0.00,0.00,none,none,coldProtection,none,0.25,Protects you from the cold.,
orangefurcoat,Orange Fur Coat,3.0,1.00,227,false,1,chestplate,Chestplate,13,0,0,0,0.00,0.00,0,0,0.00,13.00,0.30,5,0,0.00,0,0.00,0,0.45,0,0,0,0,0.00,0.00,none,none,coldProtection,none,0.25,Protects you from the cold.,
greenfurcoat,Green Fur Coat,2.0,1.01,228,false,1,chestplate,Chestplate,8,0,0,0,0.00,0.00,0,0,0.00,8.00,0.33,3,0,0.00,0,0.00,0,0.43,0,0,0,0,0.00,0.00,none,none,coldProtection,none,0.25,Protects you from the cold.,
bluefurcoat,Blue Fur Coat,1.0,1.03,229,false,1,chestplate,Chestplate,3,0,0,0,0.00,0.00,0,0,0.00,3.00,0.28,2,0,0.00,0,0.00,0,0.50,0,0,0,0,0.00,0.00,none,none,coldProtection,none,0.25,Protects you from the cold.,
pinkstripedcoat,Pink Striped Coat,5.0,1.01,230,false,1,chestplate,Chestplate,0,0,0,0,0.75,0.20,0,0,0.00,25.12,0.26,11,0,0.00,0,0.00,0,0.50,0,0,0,0,0.00,0.00,none,none,coldProtection,none,0.25,Protects you from the cold.,
brownstripedcoat,Brown Striped Coat,0.0,1.08,231,false,1,chestplate,Chestplate,1,0,0,0,0.00,0.00,0,0,0.00,1.00,0.33,1,0,0.00,0,0.00,0,0.50,0,0,0,0,0.00,0.00,none,none,coldProtection,none,0.25,Protects you from the cold.,
orangestripedcoat,Orange Striped Coat,3.0,0.98,232,false,1,chestplate,Chestplate,0,0,0,0,0.00,0.00,0,0,0.00,0.00,0.00,8,0,0.00,0,0.00,0,0.73,0,0,0,0,0.00,0.00,none,none,coldProtection,none,0.25,Protects you from the cold.,
bluestripedcoat,Blue Striped Coat,1.0,1.00,233,false,1,chestplate,Chestplate,0,0,0,0,0.00,0.00,0,0,0.00,0.00,0.00,3,0,0.00,0,0.00,0,0.75,0,0,0,0,0.00,0.00,none,none,coldProtection,none,0.25,Protects you from the cold.,
snowyredfurcoat,Snowy Red Fur Coat,4.0,1.00,234,false,1,chestplate,Chestplate,0,0,0,0,0.00,3.30,0,0,0.00,33.76,0.50,4,0,0.00,0,0.00,0,0.25,0,0,0,0,0.00,0.00,none,none,coldProtection,none,0.25,Protects you from the cold.,
snowyyellowfurcoat,Snowy Yellow Fur Coat,3.0,1.02,235,false,1,chestplate,Chestplate,0,0,0,0,0.00,3.30,0,0,0.00,21.53,0.50,3,0,0.00,0,0.00,0,0.27,0,0,0,0,0.00,0.00,none,none,coldProtection,none,0.25,Protects you from the cold.,
snowygreenfurcoat,Snowy Green Fur Coat,2.0,1.03,236,false,1,chestplate,Chestplate,0,0,0,0,0.00,3.30,0,0,0.00,12.08,0.50,2,0,0.00,0,0.00,0,0.29,0,0,0,0,0.00,0.00,none,none,coldProtection,none,0.25,Protects you from the cold.,
snowybluefurcoat,Snowy Blue Fur Coat,1.0,1.00,237,false,1,chestplate,Chestplate,0,0,0,0,0.00,3.30,0,0,0.00,5.40,0.50,1,0,0.00,0,0.00,0,0.25,0,0,0,0,0.00,0.00,none,none,coldProtection,none,0.25,Protects you from the cold.,
greentunic,Green Tunic,2.0,1.00,238,false,1,chestplate,Chestplate,0,0,0,0,0.00,0.00,0,0,0.00,0.00,0.00,7,0,0.00,0,0.00,0,1.00,0,0,0,0,0.00,0.00,none,none,none,none,0.00,A plain green tunic.,
graytunic,Gray Tunic,0.0,1.00,239,false,1,chestplate,Chestplate,0,0,0,0,0.00,0.00,0,0,0.00,0.00,0.00,2,0,0.00,0,0.00,0,1.00,0,0,0,0,0.00,0.00,none,none,none,none,0.00,A plain gray tunic.,
jadetunic,Jade Tunic,2.0,1.00,240,false,1,chestplate,Chestplate,0,0,0,0,0.10,0.00,0,0,0.00,0.24,0.01,3,15,0.30,15,0.00,0,0.99,0,0,0,0,0.00,0.00,none,none,none,none,0.00,Did you just use some green opal?,
topaztunic,Topaz Tunic,3.0,1.00,241,false,1,chestplate,Chestplate,6,0,0,0,0.00,0.10,0,0,0.00,6.65,0.15,5,26,0.50,0,0.00,0,0.85,0,0,0,0,0.00,0.00,none,none,none,none,0.00,Bright oran- Wait! This isn't Topaz!,
orangefarmershirt,Orange Farmer Shirt,3.0,1.00,242,false,1,chestplate,Chestplate,13,0,0,0,0.00,0.00,0,0,0.00,13.00,0.30,3,0,0.00,0,0.00,3,0.70,0,0,0,0,0.00,0.00,none,none,none,none,0.00,,
yellowfarmershirt,Yellow Farmer Shirt,3.0,1.00,243,false,1,chestplate,Chestplate,0,0,0,0,0.05,0.75,0,0,0.00,6.74,0.16,6,26,0.20,0,0.00,0,0.84,0,0,0,0,0.00,0.00,none,none,none,none,0.00,,
greenfarmershirt,Green Farmer Shirt,2.0,1.00,244,false,1,chestplate,Chestplate,0,0,0,0,0.00,0.00,0,0,0.00,0.00,0.00,5,14,0.20,0,0.00,0,1.00,0,0,0,0,0.00,0.00,none,none,none,none,0.00,,
redskirt,Red Skirt,4.0,1.00,245,false,1,chestplate,Chestplate,0,0,0,0,0.00,0.00,0,0,0.00,0.00,0.00,4,0,3.60,0,0.00,0,1.00,0,0,0,0,0.00,0.00,none,none,none,none,0.00,,
greenskirt,Green Skirt,2.0,0.99,246,false,1,chestplate,Chestplate,0,0,0,0,0.00,0.00,0,0,0.00,0.00,0.00,2,0,1.40,0,0.00,0,0.99,0,0,0,0,0.00,0.00,none,none,none,none,0.00,,
blueskirt,Blue Skirt,1.0,1.00,247,false,1,chestplate,Chestplate,0,0,0,0,0.00,0.00,0,0,0.00,0.00,0.00,1,0,0.90,0,0.00,0,1.00,0,0,0,0,0.00,0.00,none,none,none,none,0.00,,
redsailorvest,Red Sailor Vest,4.0,1.00,248,false,1,chestplate,Chestplate,0,0,0,0,0.00,0.00,0,0,0.00,0.00,0.00,8,0,0.00,0,2.40,0,1.00,0,0,0,0,0.00,0.00,none,none,none,none,0.00,,
graysailorvest,Gray Sailor Vest,0.0,1.00,249,false,1,chestplate,Chestplate,0,0,0,0,0.00,0.00,0,0,0.00,0.00,0.00,1,0,0.00,0,0.40,0,1.00,0,0,0,0,0.00,0.00,none,none,none,none,0.00,,
reddress,Red Dress,4.0,1.00,250,false,1,chestplate,Chestplate,0,0,0,0,0.00,0.00,0,0,0.00,0.00,0.00,8,0,2.40,0,0.00,0,1.00,0,0,0,0,0.00,0.00,none,none,none,none,0.00,,
blackdress,Black Dress,0.0,1.00,251,false,1,chestplate,Chestplate,0,0,0,0,0.00,0.00,0,0,0.00,0.00,0.00,1,0,0.40,0,0.00,0,1.00,0,0,0,0,0.00,0.00,none,none,none,none,0.00,,
redcommanderuniform,Red Commander Uniform,4.0,1.03,252,false,1,chestplate,Chestplate,19,0,0,0,0.00,0.00,0,0,0.00,19.00,0.28,12,0,0.00,0,0.00,0,0.75,0,0,0,0,0.00,0.00,none,none,none,none,0.00,A quite nice commander uniform.,
bluecommanderuniform,Blue Commander Uniform,1.0,1.03,253,false,1,chestplate,Chestplate,3,0,0,0,0.00,0.00,0,0,0.00,3.00,0.28,3,0,0.00,0,0.00,0,0.75,0,0,0,0,0.00,0.00,none,none,none,none,0.00,Is this thing clean?,
redbuccaneerchestplate,Red Buccaneer Chestplate,4.0,1.00,254,false,1,chestplate,Chestplate,0,0,0,0,0.00,0.00,0,0,0.00,0.00,0.00,4,116,0.00,0,0.00,0,1.00,0,0,0,0,0.00,0.00,none,none,none,none,0.00,,
bluebuccaneerchestplate,Blue Buccaneer Chestplate,1.0,1.01,255,false,1,chestplate,Chestplate,0,0,0,0,0.00,0.00,0,0,0.00,0.00,0.00,1,33,0.00,0,0.00,0,1.01,0,0,0,0,0.00,0.00,none,none,none,none,0.00,,
copperchestplate,Copper Chestplate,0.5,1.04,256,false,1,chestplate,Chestplate,0,0,0,0,0.00,0.00,0,0,0.00,0.00,0.00,3,0,0.00,0,0.00,0,1.04,0,0,0,0,0.00,0.00,none,none,none,none,0.00,,
ironchestplate,Iron Chestplate,1.0,1.00,257,false,1,chestplate,Chestplate,0,0,0,0,0.00,0.00,0,0,0.00,0.00,0.00,4,0,0.00,0,0.00,0,1.00,0,0,0,0,0.00,0.00,none,none,none,none,0.00,,
goldchestplate,Gold Chestplate,2.0,1.00,258,false,1,chestplate,Chestplate,0,0,0,0,0.00,0.00,0,0,0.00,0.00,0.00,7,0,0.00,0,0.00,0,1.00,0,0,0,0,0.00,0.00,none,none,none,none,0.00,,
amethystchestplate,Amethyst Chestplate,2.5,1.01,259,false,1,chestplate,Chestplate,0,0,0,0,0.00,0.00,0,0,0.00,0.00,0.00,9,0,0.00,0,0.00,0,1.01,0,0,0,0,0.00,0.00,none,none,none,none,0.00,,
azuritechestplate,Azurite Chestplate,3.0,1.00,260,false,1,chestplate,Chestplate,0,0,0,0,0.00,0.00,0,0,0.00,0.00,0.00,11,0,0.00,0,0.00,0,1.00,0,0,0,0,0.00,0.00,none,none,none,none,0.00,,
emeralditechestplate,Emeraldite Chestplate,3.5,0.97,261,false,1,chestplate,Chestplate,0,0,0,0,0.00,0.00,0,0,0.00,0.00,0.00,13,0,0.00,0,0.00,0,0.97,0,0,0,0,0.00,0.00,none,none,none,none,0.00,,
rubychestplate,Ruby Chestplate,4.0,1.00,262,false,1,chestplate,Chestplate,0,0,0,0,0.00,0.00,0,0,0.00,0.00,0.00,16,0,0.00,0,0.00,0,1.00,0,0,0,0,0.00,0.00,none,none,none,none,0.00,,
diamondchestplate,Diamond Chestplate,5.0,1.00,263,false,1,chestplate,Chestplate,0,0,0,0,0.00,0.00,0,0,0.00,0.00,0.00,22,0,0.00,0,0.00,0,1.00,0,0,0,0,0.00,0.00,none,none,none,none,0.00,,
goldencopperchestplate,Golden Copper Chestplate,0.5,0.99,264,false,1,chestplate,Chestplate,0,0,0,0,0.00,0.00,0,0,0.00,0.00,0.00,2,9,0.00,0,0.00,0,0.99,0,0,0,0,0.00,0.00,none,none,none,none,0.00,,
goldenironchestplate,Golden Iron Chestplate,1.0,1.00,265,false,1,chestplate,Chestplate,0,0,0,0,0.00,0.00,0,0,0.00,0.00,0.00,3,11,0.00,0,0.00,0,1.00,0,0,0,0,0.00,0.00,none,none,none,none,0.00,,
goldenamethystchestplate,Golden Amethyst Chestplate,2.5,1.00,266,false,1,chestplate,Chestplate,0,0,0,0,0.00,0.00,0,0,0.00,0.00,0.00,6,30,0.00,0,0.00,0,1.00,0,0,0,0,0.00,0.00,none,none,none,none,0.00,,
goldenemeralditechestplate,Golden Emeraldite Chestplate,3.5,1.00,267,false,1,chestplate,Chestplate,0,0,0,0,0.00,0.00,0,0,0.00,0.00,0.00,10,33,0.00,0,0.00,0,1.00,0,0,0,0,0.00,0.00,none,none,none,none,0.00,,
goldenrubychestplate,Golden Ruby Chestplate,4.0,1.00,268,false,1,chestplate,Chestplate,0,0,0,0,0.00,0.00,0,0,0.00,0.00,0.00,11,49,0.00,0,0.00,0,1.00,0,0,0,0,0.00,0.00,none,none,none,none,0.00,,
goldendiamondchestplate,Golden Diamond Chestplate,5.0,1.00,269,false,1,chestplate,Chestplate,0,0,0,0,0.00,0.00,0,0,0.00,0.00,0.00,15,66,0.00,0,0.00,0,1.00,0,0,0,0,0.00,0.00,none,none,none,none,0.00,,
coppershield,Copper Shield,0.5,0.85,270,false,1,shield,Shield,0,0,0,0,0.00,0.00,0,0,0.00,0.00,0.00,1,0,0.00,0,0.00,0,0.35,0,0,0,0,0.50,0.00,none,none,none,none,0.50,,
ironshield,Iron Shield,1.0,1.00,271,false,1,shield,Shield,0,0,0,0,0.00,0.00,0,0,0.00,0.00,0.00,2,0,0.00,0,0.00,0,0.50,0,0,0,0,0.55,0.00,none,none,none,none,0.50,,
goldshield,Gold Shield,2.0,1.07,272,false,1,shield,Shield,0,0,0,0,0.00,0.00,0,0,0.00,0.00,0.00,4,0,0.00,0,0.00,0,0.57,0,0,0,0,0.60,0.00,none,none,none,none,0.50,,
amethystshield,Amethyst Shield,2.5,1.06,273,false,1,shield,Shield,0,0,0,0,0.00,0.00,0,0,0.00,0.00,0.00,5,0,0.00,0,0.00,0,0.56,0,0,0,0,0.65,0.00,none,none,none,none,0.50,,
azuriteshield,Azurite Shield,3.0,1.05,274,false,1,shield,Shield,0,0,0,0,0.00,0.00,0,0,0.00,0.00,0.00,6,0,0.00,0,0.00,0,0.55,0,0,0,0,0.70,0.00,none,none,none,none,0.50,,
emeralditeshield,Emeraldite Shield,3.5,1.02,275,false,1,shield,Shield,0,0,0,0,0.00,0.00,0,0,0.00,0.00,0.00,7,0,0.00,0,0.00,0,0.52,0,0,0,0,0.75,0.00,none,none,none,none,0.50,,
rubyshield,Ruby Shield,4.0,1.00,276,false,1,shield,Shield,0,0,0,0,0.00,0.00,0,0,0.00,0.00,0.00,8,0,0.00,0,0.00,0,0.50,0,0,0,0,0.80,0.00,none,none,none,none,0.50,,
diamondshield,Diamond Shield,5.0,1.00,277,false,1,shield,Shield,0,0,0,0,0.00,0.00,0,0,0.00,0.00,0.00,11,0,0.00,0,0.00,0,0.50,0,0,0,0,0.85,0.00,none,none,none,none,0.50,,
woodenshield,Wooden Shield,0.0,1.00,278,false,1,shield,Shield,0,0,0,0,0.00,0.00,0,0,0.00,0.00,0.00,0,5,0.20,0,0.00,0,0.50,0,0,0,0,0.35,0.00,none,none,none,none,0.50,,
nightmareshield,Nightmare Shield,5.0,1.00,279,false,1,shield,Shield,0,0,0,0,0.00,0.00,0,0,0.00,0.00,0.00,3,0,0.00,15,2.00,0,0.50,0,0,0,0,0.80,0.00,none,mysticflames,none,none,0.50,Hopefully you don't get a nightmare from this.,Allows you to shoot mystic flames.
alienshield,Alien Shield,2.0,1.01,280,false,1,shield,Shield,0,0,0,0,0.00,0.00,0,0,0.00,0.00,0.00,2,0,0.00,0,0.45,0,0.51,0,0,0,0,0.65,0.00,none,alienflames,none,none,0.50,Aliens created this.,Allows you to shoot poison flames.
royalshield,Royal Shield,3.0,1.01,281,false,1,shield,Shield,0,0,0,0,0.00,0.00,0,0,0.00,0.00,0.00,3,0,0.75,0,0.00,0,0.51,0,0,0,0,0.70,0.00,none,none,none,none,0.50,"A royal shield for a royal warri- Hey wait, you're not a royal warrior!",
warriorshield,Warrior Shield,1.0,1.00,282,false,1,shield,Shield,0,0,0,0,0.00,0.00,0,0,0.00,0.00,0.00,1,11,0.00,0,0.00,0,0.50,0,0,0,0,0.60,0.00,none,none,none,none,0.50,A true warrior shield.,
goldtoken,Gold Token,3.0,0.00,283,false,1000,none,Material,0,0,0,0,0.00,0.00,0,0,0.00,0.00,0.00,0,0,0.00,0,0.00,0,0.00,0,0,0,0,0.00,0.00,none,none,none,none,0.00,,
ashtoken,Ash Token,1.0,0.00,284,false,1000,none,Material,0,0,0,0,0.00,0.00,0,0,0.00,0.00,0.00,0,0,0.00,0,0.00,0,0.00,0,0,0,0,0.00,0.00,none,none,none,none,0.00,,
shieldofbloodlust,Shield of Bloodlust,4.0,1.00,285,false,1,shield,Shield,0,0,0,0,0.00,0.00,0,0,0.00,0.00,0.00,2,12,0.00,0,0.00,0,0.20,0,0,0,0,0.80,0.00,none,none,none,Lifesteal.,0.80,OG Item.,
frozenboots,Frozen Boots,2.0,1.00,286,false,1,boots,Boots,0,0,0,0,0.00,0.00,0,0,0.00,0.00,0.00,3,5,0.00,0,0.00,0,0.50,0,0,0,0,0.00,0.00,none,frozenflames,none,none,0.50,I think your feet are already getting frostbite.,Allows you to shoot frozen flames.
hikingboots,Hiking Boots,3.0,1.00,287,false,1,boots,Boots,0,0,0,0,0.00,0.00,0,0,0.00,0.00,0.00,2,4,0.00,0,0.00,2,0.50,0,0,0,0,0.00,0.00,none,none,none,none,0.50,A pair of excellent hiking boots.,
woolenboots,Woolen Boots,3.0,1.00,288,false,1,boots,Boots,0,0,0,0,0.00,0.00,0,0,0.00,0.00,0.00,4,8,0.20,0,0.00,0,0.50,0,0,0,0,0.00,0.00,none,none,none,none,0.50,Nice and warm.,
leatherboots,Leather Boots,2.0,0.99,289,false,1,boots,Boots,0,0,0,0,0.00,0.00,0,0,0.00,0.00,0.00,2,0,0.40,0,0.00,0,0.49,0,0,0,0,0.00,0.00,none,none,none,none,0.50,The leather is very supplemental.,
metalfootwear,Metal Footwear,1.0,1.00,290,false,1,boots,Boots,0,0,0,0,0.00,0.00,0,0,0.00,0.00,0.00,3,11,0.00,0,0.00,-1,0.50,0,0,0,0,0.00,0.00,none,none,none,none,0.50,It's too heavy!,
ironboots,Iron Boots,2.0,0.96,291,false,1,boots,Boots,0,0,0,0,0.00,0.00,0,0,0.00,0.00,0.00,5,0,0.00,0,0.00,-1,0.46,0,0,0,0,0.00,0.00,none,none,none,none,0.50,Why did I think it was a good idea to wear metal shoes!,
leatherslippers,Leather Slippers,1.0,1.00,292,false,1,boots,Boots,0,0,0,0,0.00,0.00,0,0,0.00,0.00,0.00,2,0,0.00,0,0.00,0,0.50,0,0,0,0,0.00,0.00,none,none,none,none,0.50,,
pinkshoes,Pink Shoes,0.0,1.00,293,false,1,boots,Boots,0,0,0,0,0.00,0.00,0,0,0.00,0.00,0.00,1,0,0.00,0,0.00,0,0.50,0,0,0,0,0.00,0.00,none,none,none,none,0.50,,
sangriaboots,Sangria Boots,0.0,1.00,294,false,1,boots,Boots,0,0,0,0,0.00,0.00,0,0,0.00,0.00,0.00,0,10,0.00,0,0.00,0,0.50,0,0,0,0,0.00,0.00,none,none,none,none,0.50,"Even though Sangria sounds cool, it's just a fancy word for purple.",
cactusboots,Cactus Boots,1.0,0.99,295,false,1,boots,Boots,0,0,0,0,0.00,0.00,0,0,0.00,0.00,0.00,2,-22,0.60,0,0.00,0,0.49,0,0,0,0,0.00,0.00,none,alienarrow,none,none,0.50,AAAAAAAAAAAAA!!!,Allows you to shoot a poison arrow.
angelboots,Angel Boots,4.0,1.02,296,false,1,boots,Boots,0,0,0,0,0.00,0.00,0,0,0.00,0.00,0.00,1,0,0.00,0,0.00,5,0.52,0,0,0,0,0.00,0.00,none,none,none,none,0.50,Fly like an angel!,
slimeslippers,Slime Slippers,2.0,1.00,297,false,1,boots,Boots,0,0,0,0,0.00,0.00,0,0,0.00,0.00,0.00,2,0,0.00,25,0.75,-2,0.50,0,0,0,0,0.00,0.00,none,none,none,none,0.50,,
fluffyboots,Fluffy Boots,4.0,1.00,298,false,1,boots,Boots,0,0,0,0,0.15,0.30,0,0,0.00,7.16,0.11,3,0,0.00,0,1.00,0,0.40,0,0,0,0,0.00,0.00,none,none,none,none,0.50,The fluff is soooo nice.,
maroonboots,Maroon Boots,2.0,1.00,299,false,1,boots,Boots,0,0,0,0,0.00,0.00,0,0,0.00,0.00,0.00,2,0,0.00,16,0.00,0,0.50,0,0,0,0,0.00,0.00,none,none,none,none,0.50,,
soldierboots,Soldier Boots,3.0,1.01,300,false,1,boots,Boots,0,0,0,0,0.00,0.00,0,0,0.00,0.00,0.00,4,0,0.00,0,0.00,1,0.51,0,0,0,0,0.00,0.00,none,none,none,none,0.50,The boots of a true soldier.,
forestboots,Forest Boots,1.0,1.00,301,false,1,boots,Boots,0,0,0,0,0.00,0.00,0,0,0.00,0.00,0.00,1,11,0.00,0,0.00,0,0.50,0,0,0,0,0.00,0.00,none,none,none,none,0.50,"Made with traditional forest materials, such as leaves, twigs, and grass.",
velvetboots,Velvet Boots,2.0,1.04,302,false,1,boots,Boots,0,0,0,0,0.00,0.00,0,0,0.00,0.00,0.00,2,0,0.00,0,0.00,1,0.54,0,0,0,0,0.00,0.00,none,none,none,none,0.50,,
flowerboots,Flower Boots,1.0,1.00,303,false,1,boots,Boots,0,0,0,0,0.00,0.00,0,0,0.00,0.00,0.00,1,0,0.00,0,0.00,0,0.25,0,0,0,0,0.00,0.40,none,none,none,none,0.75,,
warriorboots,Warrior Boots,2.0,1.07,304,false,1,boots,Boots,0,0,0,0,0.00,0.00,0,0,0.00,0.00,0.00,4,0,0.00,0,0.00,0,0.57,0,0,0,0,0.00,0.00,none,none,none,none,0.50,,
ironcladboots,Ironclad Boots,4.0,1.00,305,false,1,boots,Boots,0,0,0,0,0.00,0.00,0,0,0.00,0.00,0.00,8,0,0.00,0,0.00,0,0.50,0,0,0,0,0.00,0.00,none,none,none,none,0.50,,
bambooslippers,Bamboo Slippers,2.0,0.99,306,false,1,boots,Boots,5,0,0,0,0.00,0.00,0,0,0.00,5.00,0.20,2,0,0.00,0,0.00,0,0.29,0,0,0,0,0.00,0.00,none,none,none,none,0.50,,
runningshoes,Running Shoes,1.0,1.00,307,false,1,boots,Boots,0,0,0,0,0.00,0.00,0,0,0.00,0.00,0.00,0,0,0.00,0,0.00,1,0.50,0,0,0,0,0.00,0.00,none,none,none,none,0.50,Use these in a marathon.,
guardianboots,Guardian Boots,3.0,0.99,308,false,1,boots,Boots,0,0,0,0,0.00,0.00,0,0,0.00,0.00,0.00,3,0,0.70,0,0.00,0,0.49,0,0,0,0,0.00,0.00,none,alienflames,none,none,0.50,"Wait, you stole these off an alien ship?",Allows you to shoot poison flames.
roseboots,Rose Boots,1.0,1.00,309,false,1,boots,Boots,0,0,0,0,0.00,0.00,0,0,0.00,0.00,0.00,1,0,0.00,11,0.00,0,0.50,0,0,0,0,0.00,0.00,none,none,none,none,0.50,,
batwingboots,Bat Wing Boots,3.0,1.02,310,false,1,boots,Boots,0,0,0,0,0.00,0.00,0,0,0.00,0.00,0.00,1,0,0.00,0,0.00,3,0.52,0,0,0,0,0.00,0.00,none,none,none,none,0.50,Fly like the night bat.,
jellyboots,Jelly Boots,2.0,1.00,311,false,1,boots,Boots,0,0,0,0,0.00,1.40,0,0,0.00,5.12,0.21,2,0,0.00,0,0.00,0,0.29,0,0,0,0,0.00,0.00,none,none,none,none,0.50,,
santaboots,Santa Boots,3.0,1.01,312,false,1,boots,Boots,0,0,0,0,0.00,0.00,0,0,0.00,0.00,0.00,3,0,0.00,0,0.75,0,0.51,0,0,0,0,0.00,0.00,none,none,none,none,0.50,Santa's real!,
muddyboots,Muddy Boots,1.0,1.01,313,false,1,boots,Boots,0,0,0,0,0.00,0.00,0,0,0.00,0.00,0.00,2,44,0.00,0,0.00,-2,0.51,0,0,0,0,0.00,0.00,none,none,none,none,0.50,They're so muddy and disgusting.,
midnightboots,Midnight Boots,4.0,1.00,314,false,1,boots,Boots,0,0,0,0,0.50,0.40,0,0,0.00,21.14,0.31,3,0,0.00,0,0.00,0,0.19,0,0,0,0,0.00,0.00,none,darkflames,none,none,0.50,The color reminds you of the night sky.,Allows you to shoot dark flames.
farminggloves,Farming Gloves,0.0,1.00,315,false,1,gloves,Gloves,0,0,0,0,0.00,0.00,0,0,0.00,0.00,0.00,0,5,0.00,0,0.00,0,0.25,0,0,0,0,0.00,0.00,none,none,none,none,0.75,Use these for farmin- Wait theres no farming in Meadow Guarder ye- Wait I just broke the fourth wall.,
fireproofgloves,Fireproof Gloves,4.0,1.00,316,false,1,gloves,Gloves,0,0,0,0,0.00,0.00,0,0,0.00,0.00,0.00,3,10,0.00,0,0.00,0,0.25,0,0,0,0,0.00,0.00,none,firearrow,none,none,0.75,"I thought these were to protect you from fire, not light fire!",Allows you to shoot a fiery arrow.
frozengloves,Frozen Gloves,2.0,0.99,317,false,1,gloves,Gloves,0,0,0,0,0.00,0.00,0,0,0.00,0.00,0.00,1,0,0.00,0,0.20,0,0.24,0,0,0,0,0.00,0.00,none,frozenflames,none,none,0.75,"Keep these in a Ultra-SampleFreezer 3000! Wait, what do you mean, you don't have one?",Allows you to shoot frozen flames.
snowgloves,Snow Gloves,1.0,1.00,318,false,1,gloves,Gloves,0,0,0,0,0.00,0.00,0,0,0.00,0.00,0.00,1,0,0.00,0,0.00,0,0.25,0,0,0,0,0.00,0.00,none,none,coldProtection,none,0.75,Wear in cold conditions.,
azuregloves,Azure Gloves,3.0,1.01,319,false,1,gloves,Gloves,0,0,0,0,0.00,0.00,0,0,0.00,0.00,0.00,2,0,0.25,0,0.00,0,0.26,0,0,0,0,0.00,0.00,none,none,none,none,0.75,Azurite is surprising strong.,
mysticgloves,Mystic Gloves,5.0,1.00,320,false,1,gloves,Gloves,0,0,0,0,0.00,0.00,0,0,0.00,0.00,0.00,2,0,0.00,18,0.50,0,0.25,0,0,0,0,0.00,0.00,none,mysticflames,none,none,0.75,Mystic energy flows out of these gloves.,Allows you to shoot mystic flames.
copperring,Copper Ring,0.5,1.39,339,false,1,accessory,Ring,0,0,0,0,0.00,0.00,0,0,0.00,0.00,0.00,4,0,0.00,0,0.00,0,1.39,0,0,0,0,0.00,0.00,none,none,none,none,0.00,Ring of Protection.,
ironring,Iron Ring,1.0,0.21,340,false,1,accessory,Ring,0,0,0,0,0.30,0.40,0,0,0.00,2.29,0.21,0,0,0.00,0,0.00,0,0.00,0,0,0,0,0.00,0.00,none,none,none,none,0.00,Ring of Luck.,
goldring,Gold Ring,2.0,0.68,341,false,1,accessory,Ring,0,0,0,0,0.00,0.00,0,0,0.00,0.00,0.00,0,0,0.00,0,1.35,0,0.68,0,0,0,0,0.00,0.00,none,none,none,none,0.00,Ring of Mana Regen.,
amethystring,Amethyst Ring,2.5,0.53,342,false,1,accessory,Ring,0,0,0,0,0.00,0.00,0,0,0.00,0.00,0.00,0,0,1.35,0,0.00,0,0.53,0,0,0,0,0.00,0.00,none,none,none,none,0.00,Ring of Health Regen.,
azuritering,Azurite Ring,3.0,0.38,343,false,1,accessory,Ring,0,0,0,0,0.00,0.00,0,0,0.00,0.00,0.00,0,0,0.00,42,0.00,0,0.38,0,0,0,0,0.00,0.00,none,none,none,none,0.00,Ring of Mana.,
emeralditering,Emeraldite Ring,3.5,0.32,344,false,1,accessory,Ring,0,0,0,0,0.00,0.00,0,0,0.00,0.00,0.00,0,42,0.00,0,0.00,0,0.32,0,0,0,0,0.00,0.00,none,none,none,none,0.00,Ring of Health.,
rubyring,Ruby Ring,4.0,0.27,345,false,1,accessory,Ring,0,0,0,0,0.00,0.00,0,0,0.00,0.00,0.00,0,0,0.00,0,0.00,3,0.27,0,0,0,0,0.00,0.00,none,none,none,none,0.00,Ring of Swiftness.,
diamondring,Diamond Ring,5.0,0.20,346,false,1,accessory,Ring,20,0,0,0,0.00,0.00,0,0,0.00,20.00,0.20,0,0,0.00,0,0.00,0,0.00,0,0,0,0,0.00,0.00,none,none,none,none,0.00,Ring of Strength.,
coppernecklace,Copper Necklace,0.5,1.43,347,false,1,accessory,Necklace,0,0,0,0,0.00,0.00,0,0,0.00,0.00,0.00,2,0,0.70,0,0.00,0,1.43,0,0,0,0,0.00,0.00,none,none,none,none,0.00,Necklace of Resilience.,
ironnecklace,Iron Necklace,1.0,0.57,348,false,1,accessory,Necklace,0,0,0,0,0.20,0.25,0,0,0.00,1.17,0.11,0,20,0.00,0,0.00,0,0.46,0,0,0,0,0.00,0.00,none,none,none,none,0.00,Necklace of Ninja.,
goldnecklace,Gold Necklace,2.0,0.62,349,false,1,accessory,Necklace,0,0,0,0,0.00,0.00,0,0,0.00,0.00,0.00,0,0,0.00,20,0.70,0,0.62,0,0,0,0,0.00,0.00,none,none,none,none,0.00,Necklace of Magic.,
amethystnecklace,Amethyst Necklace,2.5,0.58,350,false,1,accessory,Necklace,10,0,0,0,0.00,0.00,0,0,0.00,10.00,0.30,0,0,0.70,0,0.00,0,0.27,0,0,0,0,0.00,0.00,none,none,none,none,0.00,Necklace of Escape.,
azuritenecklace,Azurite Necklace,3.0,0.43,351,false,1,accessory,Necklace,0,0,0,0,0.00,0.00,0,0,0.00,0.00,0.00,0,0,0.00,16,0.00,2,0.43,0,0,0,0,0.00,0.00,none,none,none,none,0.00,Necklace of Sorcery.,
emeralditenecklace,Emeraldite Necklace,3.5,0.32,352,false,1,accessory,Necklace,0,0,0,0,0.00,0.00,0,0,0.00,0.00,0.00,2,23,0.00,0,0.00,0,0.32,0,0,0,0,0.00,0.00,none,none,none,none,0.00,Necklace of Unbreaking.,
rubynecklace,Ruby Necklace,4.0,0.29,353,false,1,accessory,Necklace,0,0,0,0,0.00,0.00,0,0,0.00,0.00,0.00,0,0,0.00,0,0.50,2,0.29,0,0,0,0,0.00,0.00,none,none,none,none,0.00,Necklace of Wizardry.,
diamondnecklace,Diamond Necklace,5.0,0.23,354,false,1,accessory,Necklace,10,0,0,0,0.20,0.30,0,0,0.00,22.31,0.23,0,0,0.00,0,0.00,0,0.00,0,0,0,0,0.00,0.00,none,none,none,none,0.00,Necklace of Power.,
amuletofdeath,Amulet of Death,5.0,0.25,355,false,1,accessory,Amulet,0,0,0,0,0.00,2.20,0,0,0.00,32.51,0.33,0,-24,-7.00,0,0.00,5,-0.83,0,0,0,0,0.00,0.00,none,none,none,none,0.75,"Like the Skull of Death, but better.",
amuletoffire,Amulet of Fire,5.0,0.25,356,false,1,accessory,Amulet,18,0,0,0,0.00,0.00,0,0,0.00,18.00,0.18,0,0,0.00,0,0.00,1,0.06,0,0,0,0,0.00,0.00,none,none,none,none,0.00,Burn! BURN!!!,
amuletofblood,Amulet of Blood,5.0,0.25,357,false,1,accessory,Amulet,6,0,0,0,0.00,0.40,0,0,0.00,11.91,0.12,0,0,0.85,0,0.00,0,0.13,0,0,0,0,0.00,0.00,none,none,none,none,0.00,Bloodlust.,
amuletofwater,Amulet of Water,5.0,0.25,358,false,1,accessory,Amulet,0,0,0,0,0.00,0.00,0,0,0.00,0.00,0.00,0,0,0.85,0,0.00,2,0.25,0,0,0,0,0.00,0.00,none,none,none,none,0.00,Flowing water never freezes.,
amuletofice,Amulet of Ice,5.0,0.25,359,false,1,accessory,Amulet,0,0,0,0,0.00,0.00,0,0,0.00,0.00,0.00,3,0,0.00,0,0.80,0,0.25,0,0,0,0,0.00,0.00,none,none,none,none,0.00,A cold wisp washes over you.,
amuletofnature,Amulet of Nature,5.0,0.25,360,false,1,accessory,Amulet,0,0,0,0,0.00,0.00,0,0,0.00,0.00,0.00,0,0,0.90,25,0.00,0,0.25,0,0,0,0,0.00,0.00,none,none,none,none,0.00,You feel connected to the trees around you.,
amuletofriches,Amulet of Riches,5.0,0.25,361,false,1,accessory,Amulet,0,0,0,0,0.00,0.00,0,0,0.00,0.00,0.00,1,0,0.00,0,1.40,0,0.25,0,0,0,0,0.00,0.00,none,none,none,none,0.00,Legends say this amulet increases your wealth.,
amuletofspirits,Amulet of Spirits,5.0,0.25,362,false,1,accessory,Amulet,0,0,0,0,0.00,0.00,0,0,0.00,0.00,0.00,1,21,0.00,21,0.00,0,0.25,0,0,0,0,0.00,0.00,none,none,none,none,0.00,The Lost Spirits possess this amulet. You remember the Ghastly Omelette.,
wornaxe,Worn Axe,0.0,0.97,363,false,1,hotbar,Tool,0,1,0,0,0.00,0.00,0,10,0.00,2.00,0.67,0,0,0.00,0,0.00,0,0.00,0,10,0,0,0.00,0.00,wornaxe,none,none,none,0.30,,
copperaxe,Copper Axe,0.5,0.94,364,false,1,hotbar,Tool,0,2,0,0,0.00,0.00,0,10,0.00,4.00,0.64,0,0,0.00,0,0.00,0,0.00,0,20,0,0,0.00,0.00,copperaxe,none,none,none,0.30,,
ironaxe,Iron Axe,1.0,1.03,365,false,1,hotbar,Tool,0,4,0,0,0.00,0.00,0,10,0.00,8.00,0.73,0,0,0.00,0,0.00,0,0.00,0,30,0,0,0.00,0.00,ironaxe,none,none,none,0.30,,
goldaxe,Gold Axe,2.0,0.96,366,false,1,hotbar,Tool,0,8,0,0,0.00,0.00,0,10,0.00,16.00,0.66,0,0,0.00,0,0.00,0,0.00,0,40,0,0,0.00,0.00,goldaxe,none,none,none,0.30,,
amethystaxe,Amethyst Axe,2.5,1.02,367,false,1,hotbar,Tool,0,12,0,0,0.00,0.00,0,10,0.00,24.00,0.72,0,0,0.00,0,0.00,0,0.00,0,50,0,0,0.00,0.00,amethystaxe,none,none,none,0.30,,
azuriteaxe,Azurite Axe,3.0,0.99,368,false,1,hotbar,Tool,0,15,0,0,0.00,0.00,0,10,0.00,30.00,0.69,0,0,0.00,0,0.00,0,0.00,0,60,0,0,0.00,0.00,azuriteaxe,none,none,none,0.30,,
emeralditeaxe,Emeraldite Axe,3.5,0.99,369,false,1,hotbar,Tool,0,19,0,0,0.00,0.00,0,10,0.00,38.00,0.69,0,0,0.00,0,0.00,0,0.00,0,70,0,0,0.00,0.00,emeralditeaxe,none,none,none,0.30,,
rubyaxe,Ruby Axe,4.0,1.00,370,false,1,hotbar,Tool,0,24,0,0,0.00,0.00,0,10,0.00,48.00,0.70,0,0,0.00,0,0.00,0,0.00,0,80,0,0,0.00,0.00,rubyaxe,none,none,none,0.30,,
diamondaxe,Diamond Axe,5.0,1.01,371,false,1,hotbar,Tool,0,35,0,0,0.00,0.00,0,10,0.00,70.00,0.71,0,0,0.00,0,0.00,0,0.00,0,90,0,0,0.00,0.00,diamondaxe,none,none,none,0.30,,
wornpickaxe,Worn Pickaxe,0.0,0.97,372,false,1,hotbar,Tool,0,1,0,0,0.00,0.00,0,10,0.00,2.00,0.67,0,0,0.00,0,0.00,0,0.00,0,0,10,0,0.00,0.00,wornpickaxe,none,none,none,0.30,,
copperpickaxe,Copper Pickaxe,0.5,0.94,373,false,1,hotbar,Tool,0,2,0,0,0.00,0.00,0,10,0.00,4.00,0.64,0,0,0.00,0,0.00,0,0.00,0,0,20,0,0.00,0.00,copperpickaxe,none,none,none,0.30,,
ironpickaxe,Iron Pickaxe,1.0,1.03,374,false,1,hotbar,Tool,0,4,0,0,0.00,0.00,0,10,0.00,8.00,0.73,0,0,0.00,0,0.00,0,0.00,0,0,30,0,0.00,0.00,ironpickaxe,none,none,none,0.30,,
goldpickaxe,Gold Pickaxe,2.0,0.96,375,false,1,hotbar,Tool,0,8,0,0,0.00,0.00,0,10,0.00,16.00,0.66,0,0,0.00,0,0.00,0,0.00,0,0,40,0,0.00,0.00,goldpickaxe,none,none,none,0.30,,
amethystpickaxe,Amethyst Pickaxe,2.5,1.02,376,false,1,hotbar,Tool,0,12,0,0,0.00,0.00,0,10,0.00,24.00,0.72,0,0,0.00,0,0.00,0,0.00,0,0,50,0,0.00,0.00,amethystpickaxe,none,none,none,0.30,,
azuritepickaxe,Azurite Pickaxe,3.0,0.99,377,false,1,hotbar,Tool,0,15,0,0,0.00,0.00,0,10,0.00,30.00,0.69,0,0,0.00,0,0.00,0,0.00,0,0,60,0,0.00,0.00,azuritepickaxe,none,none,none,0.30,,
emeralditepickaxe,Emeraldite Pickaxe,3.5,0.99,378,false,1,hotbar,Tool,0,19,0,0,0.00,0.00,0,10,0.00,38.00,0.69,0,0,0.00,0,0.00,0,0.00,0,0,70,0,0.00,0.00,emeralditepickaxe,none,none,none,0.30,,
rubypickaxe,Ruby Pickaxe,4.0,1.00,379,false,1,hotbar,Tool,0,24,0,0,0.00,0.00,0,10,0.00,48.00,0.70,0,0,0.00,0,0.00,0,0.00,0,0,80,0,0.00,0.00,rubypickaxe,none,none,none,0.30,,
diamondpickaxe,Diamond Pickaxe,5.0,1.01,380,false,1,hotbar,Tool,0,35,0,0,0.00,0.00,0,10,0.00,70.00,0.71,0,0,0.00,0,0.00,0,0.00,0,0,90,0,0.00,0.00,diamondpickaxe,none,none,none,0.30,,
wornscythe,Worn Scythe,0.0,0.97,381,false,1,hotbar,Tool,0,1,0,0,0.00,0.00,0,10,0.00,2.00,0.67,0,0,0.00,0,0.00,0,0.00,0,0,0,10,0.00,0.00,wornscythe,none,none,none,0.30,,
copperscythe,Copper Scythe,0.5,0.94,382,false,1,hotbar,Tool,0,2,0,0,0.00,0.00,0,10,0.00,4.00,0.64,0,0,0.00,0,0.00,0,0.00,0,0,0,20,0.00,0.00,copperscythe,none,none,none,0.30,,
ironscythe,Iron Scythe,1.0,1.03,383,false,1,hotbar,Tool,0,4,0,0,0.00,0.00,0,10,0.00,8.00,0.73,0,0,0.00,0,0.00,0,0.00,0,0,0,30,0.00,0.00,ironscythe,none,none,none,0.30,,
goldscythe,Gold Scythe,2.0,0.96,384,false,1,hotbar,Tool,0,8,0,0,0.00,0.00,0,10,0.00,16.00,0.66,0,0,0.00,0,0.00,0,0.00,0,0,0,40,0.00,0.00,goldscythe,none,none,none,0.30,,
amethystscythe,Amethyst Scythe,2.5,1.02,385,false,1,hotbar,Tool,0,12,0,0,0.00,0.00,0,10,0.00,24.00,0.72,0,0,0.00,0,0.00,0,0.00,0,0,0,50,0.00,0.00,amethystscythe,none,none,none,0.30,,
azuritescythe,Azurite Scythe,3.0,0.99,386,false,1,hotbar,Tool,0,15,0,0,0.00,0.00,0,10,0.00,30.00,0.69,0,0,0.00,0,0.00,0,0.00,0,0,0,60,0.00,0.00,azuritescythe,none,none,none,0.30,,
emeralditescythe,Emeraldite Scythe,3.5,0.99,387,false,1,hotbar,Tool,0,19,0,0,0.00,0.00,0,10,0.00,38.00,0.69,0,0,0.00,0,0.00,0,0.00,0,0,0,70,0.00,0.00,emeralditescythe,none,none,none,0.30,,
rubyscythe,Ruby Scythe,4.0,1.00,388,false,1,hotbar,Tool,0,24,0,0,0.00,0.00,0,10,0.00,48.00,0.70,0,0,0.00,0,0.00,0,0.00,0,0,0,80,0.00,0.00,rubyscythe,none,none,none,0.30,,
diamondscythe,Diamond Scythe,5.0,1.01,389,false,1,hotbar,Tool,0,35,0,0,0.00,0.00,0,10,0.00,70.00,0.71,0,0,0.00,0,0.00,0,0.00,0,0,0,90,0.00,0.00,diamondscythe,none,none,none,0.30,,
regenerationpotion,Regeneration Potion,2.0,0.00,394,false,1000,consume,Potion,0,0,0,0,0.00,0.00,0,300,0.00,0.00,0.00,0,0,0.00,0,0.00,0,0.00,0,0,0,0,0.00,0.00,regenerationpotion,none,none,none,0.00,,
speedpotion,Speed Potion,3.0,0.00,395,false,1000,consume,Potion,0,0,0,0,0.00,0.00,0,300,0.00,0.00,0.00,0,0,0.00,0,0.00,0,0.00,0,0,0,0,0.00,0.00,speedpotion,none,none,none,0.00,,
resistancepotion,Resistance Potion,2.0,0.00,396,false,1000,consume,Potion,0,0,0,0,0.00,0.00,0,300,0.00,0.00,0.00,0,0,0.00,0,0.00,0,0.00,0,0,0,0,0.00,0.00,resistancepotion,none,none,none,0.00,,
strengthpotion,Strength Potion,3.0,0.00,397,false,1000,consume,Potion,0,0,0,0,0.00,0.00,0,300,0.00,0.00,0.00,0,0,0.00,0,0.00,0,0.00,0,0,0,0,0.00,0.00,strengthpotion,none,none,none,0.00,,
healthpotion,Health Potion,1.0,0.00,405,false,1000,consume,Potion,0,0,0,0,0.00,0.00,0,300,0.00,0.00,0.00,0,0,0.00,0,0.00,0,0.00,0,0,0,0,0.00,0.00,healthpotion,none,none,none,0.00,A standard brewed health potion.,
greaterhealthpotion,Greater Health Potion,5.0,0.00,406,false,1000,consume,Potion,0,0,0,0,0.00,0.00,0,300,0.00,0.00,0.00,0,0,0.00,0,0.00,0,0.00,0,0,0,0,0.00,0.00,greaterhealthpotion,none,none,none,0.00,A more concentrated version of the health potion.,
manapotion,Mana Potion,1.0,0.85,407,false,1000,consume,Potion,0,0,0,0,0.00,0.00,-100,300,0.00,0.00,0.85,0,0,0.00,0,0.00,0,0.00,0,0,0,0,0.00,0.00,manapotion,none,none,none,0.00,A standard brewed mana potion.,
greatermanapotion,Greater Mana Potion,5.0,0.31,408,false,1000,consume,Potion,0,0,0,0,0.00,0.00,-200,300,0.00,0.00,0.31,0,0,0.00,0,0.00,0,0.00,0,0,0,0,0.00,0.00,greatermanapotion,none,none,none,0.00,A more concentrated version of the mana potion.,
redbook,Red Book,4.0,0.00,429,false,1000,consume,Book,0,0,0,0,0.00,0.00,0,20,0.00,0.00,0.00,0,0,0.00,0,0.00,0,0.00,0,0,0,0,0.00,0.00,redbook,none,none,none,0.00,,
orangebook,Orange Book,3.5,0.00,430,false,1000,consume,Book,0,0,0,0,0.00,0.00,0,20,0.00,0.00,0.00,0,0,0.00,0,0.00,0,0.00,0,0,0,0,0.00,0.00,orangebook,none,none,none,0.00,,
yellowbook,Yellow Book,3.0,0.00,431,false,1000,consume,Book,0,0,0,0,0.00,0.00,0,20,0.00,0.00,0.00,0,0,0.00,0,0.00,0,0.00,0,0,0,0,0.00,0.00,yellowbook,none,none,none,0.00,,
limebook,Lime Book,2.0,0.00,432,false,1000,consume,Book,0,0,0,0,0.00,0.00,0,20,0.00,0.00,0.00,0,0,0.00,0,0.00,0,0.00,0,0,0,0,0.00,0.00,limebook,none,none,none,0.00,,
cyanbook,Cyan Book,1.5,0.00,433,false,1000,consume,Book,0,0,0,0,0.00,0.00,0,20,0.00,0.00,0.00,0,0,0.00,0,0.00,0,0.00,0,0,0,0,0.00,0.00,cyanbook,none,none,none,0.00,,
bluebook,Blue Book,1.0,0.00,434,false,1000,consume,Book,0,0,0,0,0.00,0.00,0,20,0.00,0.00,0.00,0,0,0.00,0,0.00,0,0.00,0,0,0,0,0.00,0.00,bluebook,none,none,none,0.00,,
mysticbook,Mystic Book,5.0,0.00,435,false,1000,consume,Book,0,0,0,0,0.00,0.00,0,20,0.00,0.00,0.00,0,0,0.00,0,0.00,0,0.00,0,0,0,0,0.00,0.00,mysticbook,none,none,none,0.00,,
pinkbook,Pink Book,4.5,0.00,436,false,1000,consume,Book,0,0,0,0,0.00,0.00,0,20,0.00,0.00,0.00,0,0,0.00,0,0.00,0,0.00,0,0,0,0,0.00,0.00,pinkbook,none,none,none,0.00,,
book,Book,0.0,0.00,437,false,1000,none,Book,0,0,0,0,0.00,0.00,0,20,0.00,0.00,0.00,0,0,0.00,0,0.00,0,0.00,0,0,0,0,0.00,0.00,none,none,none,none,0.00,,
blackbook,Black Book,0.0,0.00,438,false,1000,consume,Book,0,0,0,0,0.00,0.00,0,20,0.00,0.00,0.00,0,0,0.00,0,0.00,0,0.00,0,0,0,0,0.00,0.00,blackbook,none,none,none,0.00,,
coal,Coal,0.0,0.00,442,false,1000,none,Material,0,0,0,0,0.00,0.00,0,0,0.00,0.00,0.00,0,0,0.00,0,0.00,0,0.00,0,0,0,0,0.00,0.00,none,none,none,none,0.00,,
copperore,Copper Ore,0.5,0.00,443,false,1000,none,Material,0,0,0,0,0.00,0.00,0,0,0.00,0.00,0.00,0,0,0.00,0,0.00,0,0.00,0,0,0,0,0.00,0.00,none,none,none,none,0.00,,
ironore,Iron Ore,1.0,0.00,444,false,1000,none,Material,0,0,0,0,0.00,0.00,0,0,0.00,0.00,0.00,0,0,0.00,0,0.00,0,0.00,0,0,0,0,0.00,0.00,none,none,none,none,0.00,,
goldore,Gold Ore,2.0,0.00,445,false,1000,none,Material,0,0,0,0,0.00,0.00,0,0,0.00,0.00,0.00,0,0,0.00,0,0.00,0,0.00,0,0,0,0,0.00,0.00,none,none,none,none,0.00,,
amethystore,Amethyst Ore,2.5,0.00,446,false,1000,none,Material,0,0,0,0,0.00,0.00,0,0,0.00,0.00,0.00,0,0,0.00,0,0.00,0,0.00,0,0,0,0,0.00,0.00,none,none,none,none,0.00,,
azuriteore,Azurite Ore,3.0,0.00,447,false,1000,none,Material,0,0,0,0,0.00,0.00,0,0,0.00,0.00,0.00,0,0,0.00,0,0.00,0,0.00,0,0,0,0,0.00,0.00,none,none,none,none,0.00,,
emeraldite,Emeraldite,3.5,0.00,448,false,1000,none,Material,0,0,0,0,0.00,0.00,0,0,0.00,0.00,0.00,0,0,0.00,0,0.00,0,0.00,0,0,0,0,0.00,0.00,none,none,none,none,0.00,,
ruby,Ruby,4.0,0.00,449,false,1000,none,Material,0,0,0,0,0.00,0.00,0,0,0.00,0.00,0.00,0,0,0.00,0,0.00,0,0.00,0,0,0,0,0.00,0.00,none,none,none,none,0.00,,
diamond,Diamond,5.0,0.00,450,false,1000,none,Material,0,0,0,0,0.00,0.00,0,0,0.00,0.00,0.00,0,0,0.00,0,0.00,0,0.00,0,0,0,0,0.00,0.00,none,none,none,none,0.00,,
redopal,Red Opal,4.0,0.00,451,false,1000,none,Material,0,0,0,0,0.00,0.00,0,0,0.00,0.00,0.00,0,0,0.00,0,0.00,0,0.00,0,0,0,0,0.00,0.00,none,none,none,none,0.00,,
orangeopal,Orange Opal,3.5,0.00,452,false,1000,none,Material,0,0,0,0,0.00,0.00,0,0,0.00,0.00,0.00,0,0,0.00,0,0.00,0,0.00,0,0,0,0,0.00,0.00,none,none,none,none,0.00,,
yellowopal,Yellow Opal,3.0,0.00,453,false,1000,none,Material,0,0,0,0,0.00,0.00,0,0,0.00,0.00,0.00,0,0,0.00,0,0.00,0,0.00,0,0,0,0,0.00,0.00,none,none,none,none,0.00,,
limeopal,Lime Opal,2.0,0.00,454,false,1000,none,Material,0,0,0,0,0.00,0.00,0,0,0.00,0.00,0.00,0,0,0.00,0,0.00,0,0.00,0,0,0,0,0.00,0.00,none,none,none,none,0.00,,
cyanopal,Cyan Opal,1.5,0.00,455,false,1000,none,Material,0,0,0,0,0.00,0.00,0,0,0.00,0.00,0.00,0,0,0.00,0,0.00,0,0.00,0,0,0,0,0.00,0.00,none,none,none,none,0.00,,
blueopal,Blue Opal,1.0,0.00,456,false,1000,none,Material,0,0,0,0,0.00,0.00,0,0,0.00,0.00,0.00,0,0,0.00,0,0.00,0,0.00,0,0,0,0,0.00,0.00,none,none,none,none,0.00,,
mysticopal,Mystic Opal,5.0,0.00,457,false,1000,none,Material,0,0,0,0,0.00,0.00,0,0,0.00,0.00,0.00,0,0,0.00,0,0.00,0,0.00,0,0,0,0,0.00,0.00,none,none,none,none,0.00,,
bloodyglobe,Bloody Globe,4.0,0.00,458,false,1000,none,Material,0,0,0,0,0.00,0.00,0,0,0.00,0.00,0.00,0,0,0.00,0,0.00,0,0.00,0,0,0,0,0.00,0.00,none,none,none,none,0.00,,
moneyglobe,Money Globe,4.0,0.00,459,false,1000,none,Material,0,0,0,0,0.00,0.00,0,0,0.00,0.00,0.00,0,0,0.00,0,0.00,0,0.00,0,0,0,0,0.00,0.00,none,none,none,none,0.00,,
waterglobe,Water Globe,4.0,0.00,460,false,1000,none,Material,0,0,0,0,0.00,0.00,0,0,0.00,0.00,0.00,0,0,0.00,0,0.00,0,0.00,0,0,0,0,0.00,0.00,none,none,none,none,0.00,,
fieryglobe,Fiery Globe,4.0,0.00,461,false,1000,none,Material,0,0,0,0,0.00,0.00,0,0,0.00,0.00,0.00,0,0,0.00,0,0.00,0,0.00,0,0,0,0,0.00,0.00,none,none,none,none,0.00,,
mysticglobe,Mystic Globe,5.0,0.00,462,false,1000,none,Material,0,0,0,0,0.00,0.00,0,0,0.00,0.00,0.00,0,0,0.00,0,0.00,0,0.00,0,0,0,0,0.00,0.00,none,none,none,none,0.00,,
natureglobe,Nature Globe,4.0,0.00,463,false,1000,none,Material,0,0,0,0,0.00,0.00,0,0,0.00,0.00,0.00,0,0,0.00,0,0.00,0,0.00,0,0,0,0,0.00,0.00,none,none,none,none,0.00,,
deathglobe,Death Globe,4.0,0.00,464,false,1000,none,Material,0,0,0,0,0.00,0.00,0,0,0.00,0.00,0.00,0,0,0.00,0,0.00,0,0.00,0,0,0,0,0.00,0.00,none,none,none,none,0.00,,
spiritsglobe,Spirits Globe,4.0,0.00,465,false,1000,none,Material,0,0,0,0,0.00,0.00,0,0,0.00,0.00,0.00,0,0,0.00,0,0.00,0,0.00,0,0,0,0,0.00,0.00,none,none,none,none,0.00,,
coppercoin,Copper Coin,1.0,0.00,466,false,1000,none,Material,0,0,0,0,0.00,0.00,0,0,0.00,0.00,0.00,0,0,0.00,0,0.00,0,0.00,0,0,0,0,0.00,0.00,none,none,none,none,0.00,,
silvercoin,Silver Coin,2.0,0.00,467,false,1000,none,Material,0,0,0,0,0.00,0.00,0,0,0.00,0.00,0.00,0,0,0.00,0,0.00,0,0.00,0,0,0,0,0.00,0.00,none,none,none,none,0.00,,
goldcoin,Gold Coin,3.0,0.00,468,false,1000,none,Material,0,0,0,0,0.00,0.00,0,0,0.00,0.00,0.00,0,0,0.00,0,0.00,0,0.00,0,0,0,0,0.00,0.00,none,none,none,none,0.00,,
meteoritecoin,Meteorite Coin,4.0,0.00,469,false,1000,none,Material,0,0,0,0,0.00,0.00,0,0,0.00,0.00,0.00,0,0,0.00,0,0.00,0,0.00,0,0,0,0,0.00,0.00,none,none,none,none,0.00,,
musicboxthemeadow,Music Box - The Meadow,1.0,0.00,481,false,1,hotbar,Music Box,0,0,0,0,0.00,0.00,0,300,0.00,0.00,0.00,0,0,0.00,0,0.00,0,0.00,0,0,0,0,0.00,0.00,musicboxthemeadow,none,none,none,0.00,,
musicboxteneyedone,Music Box - Ten Eyed One,6.0,0.00,481,false,1,hotbar,Music Box,0,0,0,0,0.00,0.00,0,300,0.00,0.00,0.00,0,0,0.00,0,0.00,0,0.00,0,0,0,0,0.00,0.00,musicboxteneyedone,none,none,none,0.00,,
musicboxtheoasis,Music Box - The Oasis,2.0,0.00,481,false,1,hotbar,Music Box,0,0,0,0,0.00,0.00,0,300,0.00,0.00,0.00,0,0,0.00,0,0.00,0,0.00,0,0,0,0,0.00,0.00,musicboxtheoasis,none,none,none,0.00,,
musicboxcrystalite,Music Box - Crystalite,4.0,0.00,481,false,1,hotbar,Music Box,0,0,0,0,0.00,0.00,0,300,0.00,0.00,0.00,0,0,0.00,0,0.00,0,0.00,0,0,0,0,0.00,0.00,musicboxcrystalite,none,none,none,0.00,,
musicboxdewdrop,Music Box - Dewdrop,5.0,0.00,481,false,1,hotbar,Music Box,0,0,0,0,0.00,0.00,0,300,0.00,0.00,0.00,0,0,0.00,0,0.00,0,0.00,0,0,0,0,0.00,0.00,musicboxdewdrop,none,none,none,0.00,,
musicboxtheolddays,Music Box - The Old Days,3.0,0.00,481,false,1,hotbar,Music Box,0,0,0,0,0.00,0.00,0,300,0.00,0.00,0.00,0,0,0.00,0,0.00,0,0.00,0,0,0,0,0.00,0.00,musicboxtheolddays,none,none,none,0.00,,
musicboxavalanche,Music Box - Avalanche,1.0,0.00,481,false,1,hotbar,Music Box,0,0,0,0,0.00,0.00,0,300,0.00,0.00,0.00,0,0,0.00,0,0.00,0,0.00,0,0,0,0,0.00,0.00,musicboxavalanche,none,none,none,0.00,,
musicbox127,Music Box - 127,0.0,0.00,481,false,1,hotbar,Music Box,0,0,0,0,0.00,0.00,0,300,0.00,0.00,0.00,0,0,0.00,0,0.00,0,0.00,0,0,0,0,0.00,0.00,musicbox127,none,none,none,0.00,,
musicboxrickroll,Music Box - Never Gonna Give You Up,6.0,0.00,481,false,1,hotbar,Music Box,0,0,0,0,0.00,0.00,0,300,0.00,0.00,0.00,0,0,0.00,0,0.00,0,0.00,0,0,0,0,0.00,0.00,musicboxrickroll,none,none,none,0.00,,
copperbar,Copper Bar,0.5,0.00,482,false,1000,none,Material,0,0,0,0,0.00,0.00,0,0,0.00,0.00,0.00,0,0,0.00,0,0.00,0,0.00,0,0,0,0,0.00,0.00,none,none,none,none,0.00,,
ironbar,Iron Bar,1.0,0.00,483,false,1000,none,Material,0,0,0,0,0.00,0.00,0,0,0.00,0.00,0.00,0,0,0.00,0,0.00,0,0.00,0,0,0,0,0.00,0.00,none,none,none,none,0.00,,
goldbar,Gold Bar,2.0,0.00,484,false,1000,none,Material,0,0,0,0,0.00,0.00,0,0,0.00,0.00,0.00,0,0,0.00,0,0.00,0,0.00,0,0,0,0,0.00,0.00,none,none,none,none,0.00,,
amethystbar,Amethyst Bar,2.5,0.00,485,false,1000,none,Material,0,0,0,0,0.00,0.00,0,0,0.00,0.00,0.00,0,0,0.00,0,0.00,0,0.00,0,0,0,0,0.00,0.00,none,none,none,none,0.00,,
azuritebar,Azurite Bar,3.0,0.00,486,false,1000,none,Material,0,0,0,0,0.00,0.00,0,0,0.00,0.00,0.00,0,0,0.00,0,0.00,0,0.00,0,0,0,0,0.00,0.00,none,none,none,none,0.00,,
emeralditebar,Emeraldite Bar,3.5,0.00,487,false,1000,none,Material,0,0,0,0,0.00,0.00,0,0,0.00,0.00,0.00,0,0,0.00,0,0.00,0,0.00,0,0,0,0,0.00,0.00,none,none,none,none,0.00,,
rubybar,Ruby Bar,4.0,0.00,488,false,1000,none,Material,0,0,0,0,0.00,0.00,0,0,0.00,0.00,0.00,0,0,0.00,0,0.00,0,0.00,0,0,0,0,0.00,0.00,none,none,none,none,0.00,,
diamondbar,Diamond Bar,5.0,0.00,489,false,1000,none,Material,0,0,0,0,0.00,0.00,0,0,0.00,0.00,0.00,0,0,0.00,0,0.00,0,0.00,0,0,0,0,0.00,0.00,none,none,none,none,0.00,,
fierybundle,Fiery Bundle,4.0,0.00,544,false,1,bundle,Bundle,0,0,0,0,0.00,0.00,0,0,0.00,0.00,0.00,0,0,0.00,0,0.00,0,0.00,25,0,0,0,0.00,0.00,none,none,none,none,0.00,The cloth is beginning to burn.,
grassybundle,Grassy Bundle,2.0,0.29,545,false,1,bundle,Bundle,0,0,0,0,0.00,0.00,0,0,0.00,0.00,0.00,2,0,0.00,0,0.00,0,0.29,12,0,0,0,0.00,0.00,none,none,none,none,0.00,Woven with grass.,
brownsaddlebag,Brown Saddlebag,0.0,0.00,546,false,1,bundle,Bundle,0,0,0,0,0.00,0.00,0,0,0.00,0.00,0.00,0,0,0.00,0,0.00,0,0.00,5,0,0,0,0.00,0.00,none,none,none,none,0.00,A dusty old saddlebag.,
rosemarybag,Rosemary Bag,3.0,0.00,547,false,1,bundle,Bundle,0,0,0,0,0.00,0.00,0,0,0.00,0.00,0.00,0,0,0.00,0,0.00,0,0.00,18,0,0,0,0.00,0.00,none,none,none,none,0.00,The thin strands of Rosemary hold this bag in place.,
mailmanbag,Mailman Bag,3.0,0.29,550,false,1,bundle,Bundle,0,0,0,0,0.00,0.00,0,0,0.00,0.00,0.00,0,0,0.00,0,0.00,2,0.29,15,0,0,0,0.00,0.00,none,none,none,none,0.00,Standard Mailman's bag.,
forestpouch,Forest Pouch,2.0,0.00,551,false,1,bundle,Bundle,0,0,0,0,0.00,0.00,0,0,0.00,0.00,0.00,0,0,0.00,0,0.00,0,0.00,10,0,0,0,0.00,0.00,none,none,none,none,0.00,There's twigs sticking out of this.,
bluepurse,Blue Purse,1.0,0.00,552,false,1,bundle,Bundle,0,0,0,0,0.00,0.00,0,0,0.00,0.00,0.00,0,0,0.00,0,0.00,0,0.00,8,0,0,0,0.00,0.00,none,none,none,none,0.00,A ordinary blue purse.,
heavypurse,Heavy Purse,2.0,-0.50,553,false,1,bundle,Bundle,0,0,0,0,0.00,0.00,0,0,0.00,0.00,0.00,0,0,0.00,0,0.00,-2,-0.50,18,0,0,0,0.00,0.00,none,none,none,none,0.00,Who stuffed black holes in this?,
porcelainberry,Porcelain Berry,1.0,0.00,594,false,1000,consume,Food,0,0,0,0,0.00,0.00,0,200,0.00,0.00,0.00,0,0,0.00,0,0.00,0,0.00,0,0,0,0,0.00,0.00,porcelainberry,none,none,none,0.00,,
mysticporcelainberry,Mystic Porcelain Berry,5.0,0.00,595,false,1000,consume,Food,0,0,0,0,0.00,0.00,0,200,0.00,0.00,0.00,0,0,0.00,0,0.00,0,0.00,0,0,0,0,0.00,0.00,mysticporcelainberry,none,none,none,0.00,,
dripleaf,Dripleaf,1.0,0.00,641,false,1000,none,Material,0,0,0,0,0.00,0.00,0,0,0.00,0.00,0.00,0,0,0.00,0,0.00,0,0.00,0,0,0,0,0.00,0.00,none,none,none,none,0.00,,
alphina,Alphina,1.0,0.00,642,false,1000,none,Material,0,0,0,0,0.00,0.00,0,0,0.00,0.00,0.00,0,0,0.00,0,0.00,0,0.00,0,0,0,0,0.00,0.00,none,none,none,none,0.00,,
fourleafclover,Four Leaf Clover,2.0,0.00,643,false,1000,none,Material,0,0,0,0,0.00,0.00,0,0,0.00,0.00,0.00,0,0,0.00,0,0.00,0,0.00,0,0,0,0,0.00,0.00,none,none,none,none,0.00,,
rosemary,Rosemary,2.0,0.00,644,false,1000,none,Material,0,0,0,0,0.00,0.00,0,0,0.00,0.00,0.00,0,0,0.00,0,0.00,0,0.00,0,0,0,0,0.00,0.00,none,none,none,none,0.00,,
daisy,Daisy,0.0,0.00,645,false,1000,none,Material,0,0,0,0,0.00,0.00,0,0,0.00,0.00,0.00,0,0,0.00,0,0.00,0,0.00,0,0,0,0,0.00,0.00,none,none,none,none,0.00,,
rose,Rose,4.0,0.00,646,false,1000,none,Material,0,0,0,0,0.00,0.00,0,0,0.00,0.00,0.00,0,0,0.00,0,0.00,0,0.00,0,0,0,0,0.00,0.00,none,none,none,none,0.00,,
goldenglow,Golden Glow,3.0,0.00,647,false,1000,none,Material,0,0,0,0,0.00,0.00,0,0,0.00,0.00,0.00,0,0,0.00,0,0.00,0,0.00,0,0,0,0,0.00,0.00,none,none,none,none,0.00,,
peony,Peony,0.0,0.00,648,false,1000,none,Material,0,0,0,0,0.00,0.00,0,0,0.00,0.00,0.00,0,0,0.00,0,0.00,0,0.00,0,0,0,0,0.00,0.00,none,none,none,none,0.00,,
summerturnip,Summer Turnip,3.0,0.00,649,false,1000,none,Material,0,0,0,0,0.00,0.00,0,0,0.00,0.00,0.00,0,0,0.00,0,0.00,0,0.00,0,0,0,0,0.00,0.00,none,none,none,none,0.00,,
valerianroots,Valerian Roots,2.0,0.00,650,false,1000,none,Material,0,0,0,0,0.00,0.00,0,0,0.00,0.00,0.00,0,0,0.00,0,0.00,0,0.00,0,0,0,0,0.00,0.00,none,none,none,none,0.00,,
wildflax,Wild Flax,0.0,0.00,651,false,1000,none,Material,0,0,0,0,0.00,0.00,0,0,0.00,0.00,0.00,0,0,0.00,0,0.00,0,0.00,0,0,0,0,0.00,0.00,none,none,none,none,0.00,,
starofbethlehem,Star of Bethlehem,5.0,0.00,652,false,1000,none,Material,0,0,0,0,0.00,0.00,0,0,0.00,0.00,0.00,0,0,0.00,0,0.00,0,0.00,0,0,0,0,0.00,0.00,none,none,none,none,0.00,,
pyroweed,Pyroweed,4.0,0.00,653,false,1000,none,Material,0,0,0,0,0.00,0.00,0,0,0.00,0.00,0.00,0,0,0.00,0,0.00,0,0.00,0,0,0,0,0.00,0.00,none,none,none,none,0.00,,
goldendewdrop,Golden Dewdrop,3.0,0.00,654,false,1000,none,Material,0,0,0,0,0.00,0.00,0,0,0.00,0.00,0.00,0,0,0.00,0,0.00,0,0.00,0,0,0,0,0.00,0.00,none,none,none,none,0.00,,
porcelainvine,Porcelain Vine,1.0,0.00,655,false,1000,none,Material,0,0,0,0,0.00,0.00,0,0,0.00,0.00,0.00,0,0,0.00,0,0.00,0,0.00,0,0,0,0,0.00,0.00,none,none,none,none,0.00,,
lovagevines,Lovage Vines,2.0,0.00,656,false,1000,none,Material,0,0,0,0,0.00,0.00,0,0,0.00,0.00,0.00,0,0,0.00,0,0.00,0,0.00,0,0,0,0,0.00,0.00,none,none,none,none,0.00,Essence of slimes.,
lead,Lead,2.0,0.00,657,false,1000,none,Material,0,0,0,0,0.00,0.00,0,0,0.00,0.00,0.00,0,0,0.00,0,0.00,0,0.00,0,0,0,0,0.00,0.00,none,none,none,none,0.00,Poisonous.,
malachite,Malachite,3.0,0.00,658,false,1000,none,Material,0,0,0,0,0.00,0.00,0,0,0.00,0.00,0.00,0,0,0.00,0,0.00,0,0.00,0,0,0,0,0.00,0.00,none,none,none,none,0.00,Found deep in the ocean.,
galena,Galena,1.0,0.00,659,false,1000,none,Material,0,0,0,0,0.00,0.00,0,0,0.00,0.00,0.00,0,0,0.00,0,0.00,0,0.00,0,0,0,0,0.00,0.00,none,none,none,none,0.00,,
cotton,Cotton,0.0,0.00,660,false,1000,none,Material,0,0,0,0,0.00,0.00,0,0,0.00,0.00,0.00,0,0,0.00,0,0.00,0,0.00,0,0,0,0,0.00,0.00,none,none,none,none,0.00,Soft and fluffy.,
yarn,Yarn,0.0,0.00,661,false,1000,none,Material,0,0,0,0,0.00,0.00,0,0,0.00,0.00,0.00,0,0,0.00,0,0.00,0,0.00,0,0,0,0,0.00,0.00,none,none,none,none,0.00,,
bloodorb,Blood Orb,4.0,0.00,662,false,1000,none,Material,0,0,0,0,0.00,0.00,0,0,0.00,0.00,0.00,0,0,0.00,0,0.00,0,0.00,0,0,0,0,0.00,0.00,none,none,none,none,0.00,,
fur,Fur,0.0,0.00,663,false,1000,none,Material,0,0,0,0,0.00,0.00,0,0,0.00,0.00,0.00,0,0,0.00,0,0.00,0,0.00,0,0,0,0,0.00,0.00,none,none,none,none,0.00,,
predatorhorn,Predator Horn,2.0,0.00,664,false,1000,none,Material,0,0,0,0,0.00,0.00,0,0,0.00,0.00,0.00,0,0,0.00,0,0.00,0,0.00,0,0,0,0,0.00,0.00,none,none,none,none,0.00,,
sharptooth,Sharp Tooth,3.0,0.00,665,false,1000,none,Material,0,0,0,0,0.00,0.00,0,0,0.00,0.00,0.00,0,0,0.00,0,0.00,0,0.00,0,0,0,0,0.00,0.00,none,none,none,none,0.00,,
sharpclaw,Sharp Claw,0.0,0.00,666,false,1000,none,Material,0,0,0,0,0.00,0.00,0,0,0.00,0.00,0.00,0,0,0.00,0,0.00,0,0.00,0,0,0,0,0.00,0.00,none,none,none,none,0.00,,
batwings,Bat Wings,3.0,0.00,667,false,1000,none,Material,0,0,0,0,0.00,0.00,0,0,0.00,0.00,0.00,0,0,0.00,0,0.00,0,0.00,0,0,0,0,0.00,0.00,none,none,none,none,0.00,,
angelwings,Angel Wings,4.0,0.00,668,false,1000,none,Material,0,0,0,0,0.00,0.00,0,0,0.00,0.00,0.00,0,0,0.00,0,0.00,0,0.00,0,0,0,0,0.00,0.00,none,none,none,none,0.00,Wings from a mythical angel.,
mysticscales,Mystic Scales,5.0,0.00,669,false,1000,none,Material,0,0,0,0,0.00,0.00,0,0,0.00,0.00,0.00,0,0,0.00,0,0.00,0,0.00,0,0,0,0,0.00,0.00,none,none,none,none,0.00,Mystic energy radiates from these scales.,
thickleather,Thick Leather,1.0,0.00,670,false,1000,none,Material,0,0,0,0,0.00,0.00,0,0,0.00,0.00,0.00,0,0,0.00,0,0.00,0,0.00,0,0,0,0,0.00,0.00,none,none,none,none,0.00,,
thornyhide,Thorny Hide,3.0,0.00,671,false,1000,none,Material,0,0,0,0,0.00,0.00,0,0,0.00,0.00,0.00,0,0,0.00,0,0.00,0,0.00,0,0,0,0,0.00,0.00,none,none,none,none,0.00,,
woodplank,Wood Plank,0.0,0.00,672,false,1000,none,Material,0,0,0,0,0.00,0.00,0,0,0.00,0.00,0.00,0,0,0.00,0,0.00,0,0.00,0,0,0,0,0.00,0.00,none,none,none,none,0.00,,
wood,Wood,0.0,0.00,673,false,1000,none,Material,0,0,0,0,0.00,0.00,0,0,0.00,0.00,0.00,0,0,0.00,0,0.00,0,0.00,0,0,0,0,0.00,0.00,none,none,none,none,0.00,Regular wood.,
woodstick,Wood Stick,0.0,0.00,674,false,1000,none,Material,0,0,0,0,0.00,0.00,0,0,0.00,0.00,0.00,0,0,0.00,0,0.00,0,0.00,0,0,0,0,0.00,0.00,none,none,none,none,0.00,,
ivyvine,Ivy Vine,2.0,0.00,675,false,1000,none,Material,0,0,0,0,0.00,0.00,0,0,0.00,0.00,0.00,0,0,0.00,0,0.00,0,0.00,0,0,0,0,0.00,0.00,none,none,none,none,0.00,,
mistletoe,Mistletoe,1.0,0.00,676,false,1000,none,Material,0,0,0,0,0.00,0.00,0,0,0.00,0.00,0.00,0,0,0.00,0,0.00,0,0.00,0,0,0,0,0.00,0.00,none,none,none,none,0.00,,
burntmistletoe,Burnt Mistletoe,0.0,0.00,677,false,1000,none,Material,0,0,0,0,0.00,0.00,0,0,0.00,0.00,0.00,0,0,0.00,0,0.00,0,0.00,0,0,0,0,0.00,0.00,none,none,none,none,0.00,,
sandpaper,Sandpaper,1.0,0.00,678,false,1000,none,Material,0,0,0,0,0.00,0.00,0,0,0.00,0.00,0.00,0,0,0.00,0,0.00,0,0.00,0,0,0,0,0.00,0.00,none,none,none,none,0.00,,
iceorb,Ice Orb,2.0,0.00,679,false,1000,none,Material,0,0,0,0,0.00,0.00,0,0,0.00,0.00,0.00,0,0,0.00,0,0.00,0,0.00,0,0,0,0,0.00,0.00,none,none,none,none,0.00,A pretty glimmering gem.,
feather,Feather,0.0,0.00,680,false,1000,none,Material,0,0,0,0,0.00,0.00,0,0,0.00,0.00,0.00,0,0,0.00,0,0.00,0,0.00,0,0,0,0,0.00,0.00,none,none,none,none,0.00,,
firefeather,Fire Feather,4.0,0.00,681,false,1000,none,Material,0,0,0,0,0.00,0.00,0,0,0.00,0.00,0.00,0,0,0.00,0,0.00,0,0.00,0,0,0,0,0.00,0.00,none,none,none,none,0.00,,
parchmentpaper,Parchment Paper,0.0,0.00,682,false,1000,none,Material,0,0,0,0,0.00,0.00,0,0,0.00,0.00,0.00,0,0,0.00,0,0.00,0,0.00,0,0,0,0,0.00,0.00,none,none,none,none,0.00,,
paper,Paper,0.0,0.00,683,false,1000,none,Material,0,0,0,0,0.00,0.00,0,0,0.00,0.00,0.00,0,0,0.00,0,0.00,0,0.00,0,0,0,0,0.00,0.00,none,none,none,none,0.00,,
icecube,Ice Cube,1.0,0.00,684,false,1000,none,Material,0,0,0,0,0.00,0.00,0,0,0.00,0.00,0.00,0,0,0.00,0,0.00,0,0.00,0,0,0,0,0.00,0.00,none,none,none,none,0.00,Not to be confused with Cubie.,
sand,Sand,0.0,0.00,685,false,1000,none,Material,0,0,0,0,0.00,0.00,0,0,0.00,0.00,0.00,0,0,0.00,0,0.00,0,0.00,0,0,0,0,0.00,0.00,none,none,none,none,0.00,,
sugar,Sugar,1.0,0.00,686,false,1000,none,Material,0,0,0,0,0.00,0.00,0,0,0.00,0.00,0.00,0,0,0.00,0,0.00,0,0.00,0,0,0,0,0.00,0.00,none,none,none,none,0.00,,